1,3200100010000,APOZOL,APOZOL,VARIAS
2,3200100010001,APOZOL,APOZOL,DE ABAJO
3,3200100010002,APOZOL,APOZOL,DEL CENTRO
4,3200100010003,APOZOL,APOZOL,MêXICO
5,3200100010004,APOZOL,APOZOL,OJO DE AGUA
6,3200100010005,APOZOL,APOZOL,DE LA PRESA
7,3200100010006,APOZOL,APOZOL,RANCHO NUEVO
8,3200100010007,APOZOL,APOZOL,DE LA SANTA CRUZ
9,3200100010008,APOZOL,APOZOL,DE LOS VµZQUEZ
10,3200200010000,APULCO,APULCO,VARIAS
11,3200200010002,APULCO,APULCO,LA VILLITA
12,3200200010003,APULCO,APULCO,ALTA VISTA
13,3200200010004,APULCO,APULCO,CENTRO
14,3200200010005,APULCO,APULCO,SAN AGUST÷N
15,3200200010006,APULCO,APULCO,SAN MIGUEL
16,3200200010007,APULCO,APULCO,SAN SEBASTIµN
17,3200200010008,APULCO,APULCO,SANTA TERESA
18,3200300010000,ATOLINGA,ATOLINGA,VARIAS
19,3200300010001,ATOLINGA,ATOLINGA,ATOLINGA
20,3200300010002,ATOLINGA,ATOLINGA,LOS PINOS
21,3200400010000,BENITO JUµREZ,BENITO JUµREZ,VARIAS
22,3200400010001,BENITO JUµREZ,BENITO JUµREZ,BENITO JUµREZ
23,3200400010002,BENITO JUµREZ,BENITO JUµREZ,EL DURAZNO
24,3200500010000,CALERA,CALERA,VARIAS
25,3200500010001,CALERA,CALERA,ALBORADA
26,3200500010002,CALERA,CALERA,AMêRICA
27,3200500010003,CALERA,CALERA,AMPLIACI‡N AMêRICA
28,3200500010004,CALERA,CALERA,A•O DE JUµREZ
29,3200500010006,CALERA,CALERA,EL BOSQUE
30,3200500010007,CALERA,CALERA,LA CANTERA
31,3200500010008,CALERA,CALERA,ZONA CENTRO
32,3200500010009,CALERA,CALERA,CRUZ AZUL
33,3200500010010,CALERA,CALERA,DEL SOL
34,3200500010011,CALERA,CALERA,DON MAT÷AS
35,3200500010012,CALERA,CALERA,LA DURAZNERA
36,3200500010013,CALERA,CALERA,EL÷AS GARC÷A
37,3200500010014,CALERA,CALERA,LA ESCUELITA
38,3200500010015,CALERA,CALERA,LA ESTACI‡N
39,3200500010016,CALERA,CALERA,FLORENCIA
40,3200500010020,CALERA,CALERA,LA HUERTA
41,3200500010022,CALERA,CALERA,REAL DE CALERA
42,3200500010023,CALERA,CALERA,JOSê MAR÷A MORELOS
43,3200500010026,CALERA,CALERA,LINDAVISTA
44,3200500010027,CALERA,CALERA,LA LOMA
45,3200500010028,CALERA,CALERA,HERMANOS HERNµNDEZ
46,3200500010030,CALERA,CALERA,MARAVILLAS
47,3200500010031,CALERA,CALERA,V÷CTOR ROSALES
48,3200500010032,CALERA,CALERA,LA NORIA
49,3200500010033,CALERA,CALERA,NUEVO CALERA
50,3200500010035,CALERA,CALERA,EL PEDREGAL
51,3200500010037,CALERA,CALERA,LAS FUENTES
52,3200500010040,CALERA,CALERA,EL PUEBLITO
53,3200500010041,CALERA,CALERA,RIAFA CARAZA
54,3200500010042,CALERA,CALERA,RICARDO MONREAL
55,3200500010043,CALERA,CALERA,SANTA LUC÷A
56,3200500010044,CALERA,CALERA,SATêLITE
57,3200500010045,CALERA,CALERA,SOLIDARIDAD I
58,3200500010047,CALERA,CALERA,SUTSEMOP
59,3200500010049,CALERA,CALERA,NINGUNO
60,3200500010051,CALERA,CALERA,VILLA CALERA
61,3200500010052,CALERA,CALERA,CORTEZ
62,3200500010053,CALERA,CALERA,VILLARREAL
63,3200500010054,CALERA,CALERA,ALVARADO II SECCI‡N
64,3200500010055,CALERA,CALERA,AMPLIACI‡N DURAZNERA
65,3200500010056,CALERA,CALERA,AMPLIACI‡N FLORENCIA
66,3200500010057,CALERA,CALERA,AMPLIACI‡N SOLIDARIDAD
67,3200500010058,CALERA,CALERA,DEL CARMEN
68,3200500010059,CALERA,CALERA,CIPRESES
69,3200500010060,CALERA,CALERA,EL EDêN
70,3200500010061,CALERA,CALERA,LA ESPERANZA
71,3200500010062,CALERA,CALERA,ESTEBAN CARRANZA
72,3200500010063,CALERA,CALERA,EXPLANADA DE LA FERIA
73,3200500010064,CALERA,CALERA,FUENTES DEL SOL
74,3200500010065,CALERA,CALERA,LA GRANJA
75,3200500010066,CALERA,CALERA,GUADALUPE
76,3200500010067,CALERA,CALERA,LAURA G. CALOCA
77,3200500010068,CALERA,CALERA,MA. TERESA DE JESÈS
78,3200500010069,CALERA,CALERA,EL MAGISTERIO
79,3200500010070,CALERA,CALERA,EL MAGUEY
80,3200500010071,CALERA,CALERA,EL PARA÷SO
81,3200500010072,CALERA,CALERA,PONIENTE
82,3200500010073,CALERA,CALERA,RANCHO VIEJO
83,3200500010074,CALERA,CALERA,RAÈL AGUILAR
84,3200500010075,CALERA,CALERA,SALVADOR RODARTE TORRES
85,3200500010076,CALERA,CALERA,SANTA MAR÷A
86,3200500010077,CALERA,CALERA,NINGUNO
87,3200500010078,CALERA,CALERA,NINGUNO
88,3200500010079,CALERA,CALERA,NINGUNO
89,3200500010080,CALERA,CALERA,NINGUNO
90,3200500010081,CALERA,CALERA,NINGUNO
91,3200500010082,CALERA,CALERA,NINGUNO
92,3200500010083,CALERA,CALERA,NINGUNO
93,3200500010084,CALERA,CALERA,NINGUNO
94,3200500010085,CALERA,CALERA,NINGUNO
95,3200500010086,CALERA,CALERA,EL TANQUE
96,3200500010087,CALERA,CALERA,VILLA DEL SOL
97,3200500010088,CALERA,CALERA,VILLAS DEL VALLE
98,3200500220001,CALERA,CALERA,CENTRO
99,3200500220002,CALERA,CALERA,DE LOS DOWIS
100,3200500220003,CALERA,CALERA,DE LA LOMA
101,3200500220004,CALERA,CALERA,DE LA MANGA
102,3200500220005,CALERA,CALERA,DEL PANTE‡N
103,3200500220006,CALERA,CALERA,DE LA SANTA CRUZ
104,3200600010000,CA•ITAS DE FELIPE PESCADOR,CA•ITAS DE FELIPE PESCADOR,VARIAS
105,3200600010001,CA•ITAS DE FELIPE PESCADOR,CA•ITAS DE FELIPE PESCADOR,MAGISTERIAL
106,3200600010002,CA•ITAS DE FELIPE PESCADOR,CA•ITAS DE FELIPE PESCADOR,LOMA LINDA
107,3200600010003,CA•ITAS DE FELIPE PESCADOR,CA•ITAS DE FELIPE PESCADOR,EL BAJ÷O
108,3200600010005,CA•ITAS DE FELIPE PESCADOR,CA•ITAS DE FELIPE PESCADOR,VIEJO
109,3200600010006,CA•ITAS DE FELIPE PESCADOR,CA•ITAS DE FELIPE PESCADOR,DE LOS AZULES
110,3200600010007,CA•ITAS DE FELIPE PESCADOR,CA•ITAS DE FELIPE PESCADOR,CENTRO
111,3200600010010,CA•ITAS DE FELIPE PESCADOR,CA•ITAS DE FELIPE PESCADOR,LOMA VERDE
112,3200700010000,CONCEPCI‡N DEL ORO,CONCEPCI‡N DEL ORO,VARIAS
113,3200700010001,CONCEPCI‡N DEL ORO,CONCEPCI‡N DEL ORO,BELLA VISTA
114,3200700010002,CONCEPCI‡N DEL ORO,CONCEPCI‡N DEL ORO,CABRESTANTE
115,3200700010003,CONCEPCI‡N DEL ORO,CONCEPCI‡N DEL ORO,CENTRO
116,3200700010004,CONCEPCI‡N DEL ORO,CONCEPCI‡N DEL ORO,CHIHUAHUA
117,3200700010005,CONCEPCI‡N DEL ORO,CONCEPCI‡N DEL ORO,EL CRUCE
118,3200700010006,CONCEPCI‡N DEL ORO,CONCEPCI‡N DEL ORO,LA ESTRELLA
119,3200700010007,CONCEPCI‡N DEL ORO,CONCEPCI‡N DEL ORO,EL GRASERO
120,3200700010008,CONCEPCI‡N DEL ORO,CONCEPCI‡N DEL ORO,LAS LAJAS
121,3200700010009,CONCEPCI‡N DEL ORO,CONCEPCI‡N DEL ORO,OBRERA
122,3200800010000,CUAUHTêMOC,CUAUHTêMOC,VARIAS
123,3200800010001,CUAUHTêMOC,CUAUHTêMOC,MONTECILLO
124,3200800010002,CUAUHTêMOC,CUAUHTêMOC,INDEPENDENCIA
125,3200800010003,CUAUHTêMOC,CUAUHTêMOC,LAS GALLINAS
126,3200800010004,CUAUHTêMOC,CUAUHTêMOC,CENTRO
127,3200800010005,CUAUHTêMOC,CUAUHTêMOC,EL PEDREGOSO
128,3200800010006,CUAUHTêMOC,CUAUHTêMOC,LA RINCONADA
129,3200800010007,CUAUHTêMOC,CUAUHTêMOC,LA CHIRIPA
130,3200800010008,CUAUHTêMOC,CUAUHTêMOC,CASTORENA
131,3200800010009,CUAUHTêMOC,CUAUHTêMOC,LµZARO CµRDENAS PRIMERA SECCI‡N
132,3200800010010,CUAUHTêMOC,CUAUHTêMOC,POTRERILLOS PRIMERA SECCI‡N
133,3200800010011,CUAUHTêMOC,CUAUHTêMOC,POTRERILLOS SEGUNDA SECCI‡N
134,3200800010012,CUAUHTêMOC,CUAUHTêMOC,MORELOS
135,3200800010013,CUAUHTêMOC,CUAUHTêMOC,LµZARO CµRDENAS SEGUNDA SECCI‡N
136,3200800010014,CUAUHTêMOC,CUAUHTêMOC,NUEVO MILENIO
137,3200800010015,CUAUHTêMOC,CUAUHTêMOC,LAS TORRES
138,3200800010016,CUAUHTêMOC,CUAUHTêMOC,COPROVI LOS VENEROS
139,3200800010017,CUAUHTêMOC,CUAUHTêMOC,COPROVI SAN PEDRO
140,3200800010018,CUAUHTêMOC,CUAUHTêMOC,INDEPENDIENTE
141,3200800010019,CUAUHTêMOC,CUAUHTêMOC,EL LLANO
142,3200800010020,CUAUHTêMOC,CUAUHTêMOC,EL PASTIZAL
143,3200800010021,CUAUHTêMOC,CUAUHTêMOC,PIEDAD
144,3200800010022,CUAUHTêMOC,CUAUHTêMOC,NINGUNO
145,3200900010000,CHALCHIHUITES,CHALCHIHUITES,VARIAS
146,3200900010001,CHALCHIHUITES,CHALCHIHUITES,ALAMEDA
147,3200900010002,CHALCHIHUITES,CHALCHIHUITES,ALAMEDA
148,3200900010003,CHALCHIHUITES,CHALCHIHUITES,DEL CARDENALILLO
149,3200900010004,CHALCHIHUITES,CHALCHIHUITES,CENTRO
150,3200900010005,CHALCHIHUITES,CHALCHIHUITES,COLORADO
151,3200900010006,CHALCHIHUITES,CHALCHIHUITES,CONCORDIA
152,3200900010007,CHALCHIHUITES,CHALCHIHUITES,CONCORDIA 2000
153,3200900010008,CHALCHIHUITES,CHALCHIHUITES,DE FµTIMA
154,3200900010009,CHALCHIHUITES,CHALCHIHUITES,EL HUNDIDO
155,3200900010010,CHALCHIHUITES,CHALCHIHUITES,DE JALISCO
156,3200900010011,CHALCHIHUITES,CHALCHIHUITES,MAGISTERIAL
157,3200900010012,CHALCHIHUITES,CHALCHIHUITES,OJO DE AGUA
158,3200900010013,CHALCHIHUITES,CHALCHIHUITES,LA PE•ITA
159,3200900010014,CHALCHIHUITES,CHALCHIHUITES,SOLIDARIDAD
160,3201000010000,FRESNILLO,FRESNILLO,VARIAS
161,3201000010702,FRESNILLO,FRESNILLO,NUEVA ALIANZA
162,3201000010703,FRESNILLO,FRESNILLO,ALTO
163,3201000010704,FRESNILLO,FRESNILLO,LAS AMêRICAS
164,3201000010705,FRESNILLO,FRESNILLO,AMPLIACI‡N AZTECA
165,3201000010706,FRESNILLO,FRESNILLO,ARBOLEDAS
166,3201000010707,FRESNILLO,FRESNILLO,LAS AVES
167,3201000010708,FRESNILLO,FRESNILLO,AZTECA
168,3201000010709,FRESNILLO,FRESNILLO,LOS BALCONES
169,3201000010710,FRESNILLO,FRESNILLO,BELE•A
170,3201000010711,FRESNILLO,FRESNILLO,BENITO JUµREZ
171,3201000010712,FRESNILLO,FRESNILLO,BUENOS AIRES
172,3201000010713,FRESNILLO,FRESNILLO,CENTRO
173,3201000010714,FRESNILLO,FRESNILLO,DEL BOSQUE
174,3201000010715,FRESNILLO,FRESNILLO,DEL FRESNO
175,3201000010716,FRESNILLO,FRESNILLO,DEL SOL
176,3201000010717,FRESNILLO,FRESNILLO,DEL VALLE
177,3201000010719,FRESNILLO,FRESNILLO,ECOL‡GICA
178,3201000010722,FRESNILLO,FRESNILLO,ELECTRICISTAS
179,3201000010723,FRESNILLO,FRESNILLO,EMILIANO ZAPATA
180,3201000010724,FRESNILLO,FRESNILLO,ESPARZA
181,3201000010726,FRESNILLO,FRESNILLO,LAS FLORES
182,3201000010727,FRESNILLO,FRESNILLO,LA FORTUNA
183,3201000010728,FRESNILLO,FRESNILLO,ROQUE ESTRADA FOVISSSTE
184,3201000010729,FRESNILLO,FRESNILLO,FRANCISCO GOYTIA
185,3201000010730,FRESNILLO,FRESNILLO,FRANCISCO I. MADERO
186,3201000010731,FRESNILLO,FRESNILLO,FRANCISCO VILLA
187,3201000010733,FRESNILLO,FRESNILLO,FELIPE MONREAL
188,3201000010734,FRESNILLO,FRESNILLO,GONZµLEZ ORTEGA
189,3201000010735,FRESNILLO,FRESNILLO,LAS HACIENDAS
190,3201000010736,FRESNILLO,FRESNILLO,IMPRESIONISTAS
191,3201000010737,FRESNILLO,FRESNILLO,INDUSTRIAL
192,3201000010740,FRESNILLO,FRESNILLO,GONZµLEZ ORTEGA
193,3201000010741,FRESNILLO,FRESNILLO,JOSê MA. VAZQUEZ
194,3201000010742,FRESNILLO,FRESNILLO,LA JOYA
195,3201000010743,FRESNILLO,FRESNILLO,LASALLE
196,3201000010744,FRESNILLO,FRESNILLO,LµZARO CARDENAS
197,3201000010746,FRESNILLO,FRESNILLO,LIENZO CHARRO
198,3201000010747,FRESNILLO,FRESNILLO,LINDAVISTA
199,3201000010748,FRESNILLO,FRESNILLO,FORTUNA
200,3201000010749,FRESNILLO,FRESNILLO,LOMAS DE PLATEROS
201,3201000010750,FRESNILLO,FRESNILLO,LUIS DONALDO COLOSIO
202,3201000010751,FRESNILLO,FRESNILLO,UNIDAD Y ESFUERZO MAGISTERIAL
203,3201000010752,FRESNILLO,FRESNILLO,MAGISTERIAL
204,3201000010754,FRESNILLO,FRESNILLO,EL OLIVAR
205,3201000010755,FRESNILLO,FRESNILLO,MARAVILLAS
206,3201000010756,FRESNILLO,FRESNILLO,MESOAMêRICA
207,3201000010757,FRESNILLO,FRESNILLO,MêXICO
208,3201000010758,FRESNILLO,FRESNILLO,MIGUEL HIDALGO
209,3201000010759,FRESNILLO,FRESNILLO,MINERA
210,3201000010761,FRESNILLO,FRESNILLO,MURALISTAS
211,3201000010762,FRESNILLO,FRESNILLO,GOMEZ SADA
212,3201000010764,FRESNILLO,FRESNILLO,OBRERA
213,3201000010765,FRESNILLO,FRESNILLO,LOS OLIVOS
214,3201000010767,FRESNILLO,FRESNILLO,NINGUNO
215,3201000010768,FRESNILLO,FRESNILLO,PATRIA Y LIBERTAD
216,3201000010769,FRESNILLO,FRESNILLO,LA PAZ
217,3201000010770,FRESNILLO,FRESNILLO,PERIODISTAS
218,3201000010771,FRESNILLO,FRESNILLO,PETROLEOS
219,3201000010772,FRESNILLO,FRESNILLO,PLAN DE AYALA
220,3201000010774,FRESNILLO,FRESNILLO,POLVAREDAS
221,3201000010776,FRESNILLO,FRESNILLO,PROGRESO
222,3201000010777,FRESNILLO,FRESNILLO,PROVIDENCIA
223,3201000010778,FRESNILLO,FRESNILLO,QUINTA DEL COBRE
224,3201000010779,FRESNILLO,FRESNILLO,REAL DEL FRESNO
225,3201000010780,FRESNILLO,FRESNILLO,REAL DE MINAS
226,3201000010781,FRESNILLO,FRESNILLO,DR. MONREAL
227,3201000010782,FRESNILLO,FRESNILLO,SATêLITE
228,3201000010783,FRESNILLO,FRESNILLO,LAGUNILLA
229,3201000010784,FRESNILLO,FRESNILLO,PLUTARCO ELIAS CALLES
230,3201000010785,FRESNILLO,FRESNILLO,SOLIDARIDAD
231,3201000010786,FRESNILLO,FRESNILLO,TECNOL‡GICA
232,3201000010787,FRESNILLO,FRESNILLO,VENUSTIANO CARRANZA
233,3201000010788,FRESNILLO,FRESNILLO,EL VERGEL
234,3201000010789,FRESNILLO,FRESNILLO,EL VERGEL
235,3201000010790,FRESNILLO,FRESNILLO,VICTORIA II
236,3201000010791,FRESNILLO,FRESNILLO,VILLA JARD÷N
237,3201000010792,FRESNILLO,FRESNILLO,VILLAS DE PLATEROS
238,3201000010793,FRESNILLO,FRESNILLO,18 DE JULIO
239,3201000010794,FRESNILLO,FRESNILLO,ARTESANOS
240,3201000010795,FRESNILLO,FRESNILLO,EL BAJ÷O DE FRESNILLO
241,3201000010796,FRESNILLO,FRESNILLO,EMILIANO ZAPATA SECCI‡N 7
242,3201000010797,FRESNILLO,FRESNILLO,FELIPE ANGELES
243,3201000010798,FRESNILLO,FRESNILLO,IMPRESIONISTAS I
244,3201000010799,FRESNILLO,FRESNILLO,JUAN ANTONIO CASAS TORRES
245,3201000010800,FRESNILLO,FRESNILLO,LICENCIADO ABEL DµVILA
246,3201000010801,FRESNILLO,FRESNILLO,NUEVA ESPA•A
247,3201000010802,FRESNILLO,FRESNILLO,DEL PARQUE
248,3201000010803,FRESNILLO,FRESNILLO,DEL POLIC÷A
249,3201000010804,FRESNILLO,FRESNILLO,EL PUENTE
250,3201000010805,FRESNILLO,FRESNILLO,SAN FRANCISCO
251,3201000010806,FRESNILLO,FRESNILLO,SAN JAVIER
252,3201000010807,FRESNILLO,FRESNILLO,SAN JORGE
253,3201000010808,FRESNILLO,FRESNILLO,SAN MIGUEL
254,3201000010809,FRESNILLO,FRESNILLO,PANAMERICANA
255,3201000010811,FRESNILLO,FRESNILLO,CUAUHTêMOC
256,3201000010812,FRESNILLO,FRESNILLO,NINGUNO
257,3201000010813,FRESNILLO,FRESNILLO,NINGUNO
258,3201000010814,FRESNILLO,FRESNILLO,NINGUNO
259,3201000010815,FRESNILLO,FRESNILLO,NINGUNO
260,3201000010817,FRESNILLO,FRESNILLO,LAS TORCAZAS
261,3201000010818,FRESNILLO,FRESNILLO,UNIVERSIDAD
262,3201000010819,FRESNILLO,FRESNILLO,VENUSTIANO CARRANZA II
263,3201000010820,FRESNILLO,FRESNILLO,COLINAS DEL REAL
264,3201000010821,FRESNILLO,FRESNILLO,EJIDAL
265,3201001060001,FRESNILLO,FRESNILLO,ESTACI‡N SAN JOSê
266,3201001350001,FRESNILLO,FRESNILLO,CENTRO
267,3201001350002,FRESNILLO,FRESNILLO,CIUDAD PERDIDA
268,3201001350003,FRESNILLO,FRESNILLO,LIENZO CHARRO
269,3201001350004,FRESNILLO,FRESNILLO,NEGRO
270,3201001350005,FRESNILLO,FRESNILLO,NUEVA
271,3201001350006,FRESNILLO,FRESNILLO,OJUELOS
272,3201001350007,FRESNILLO,FRESNILLO,LA PELUSA
273,3201001350008,FRESNILLO,FRESNILLO,LA SANTA CRUZ
274,3201001650001,FRESNILLO,FRESNILLO,CATA DE PLATA
275,3201001650002,FRESNILLO,FRESNILLO,JUNCOS
276,3201001650003,FRESNILLO,FRESNILLO,PUERTO
277,3201001650004,FRESNILLO,FRESNILLO,SOCAV‡N
278,3201001830001,FRESNILLO,FRESNILLO,CENTRO
279,3201001830002,FRESNILLO,FRESNILLO,LAS FLORES
280,3201001830003,FRESNILLO,FRESNILLO,FRANCISCO VILLA
281,3201001830004,FRESNILLO,FRESNILLO,DEL PANTE‡N
282,3201001830005,FRESNILLO,FRESNILLO,DEL SAINITO
283,3201001830006,FRESNILLO,FRESNILLO,NINGUNO
284,3201001830007,FRESNILLO,FRESNILLO,LA ZONA
285,3201001890001,FRESNILLO,FRESNILLO,R÷O FLORIDO
286,3201002100001,FRESNILLO,FRESNILLO,CENTRO
287,3201002100002,FRESNILLO,FRESNILLO,CHULA VISTA
288,3201002100003,FRESNILLO,FRESNILLO,ERENDIRILLA
289,3201002100004,FRESNILLO,FRESNILLO,LOS ESPARZA
290,3201002100005,FRESNILLO,FRESNILLO,LAS FLORES
291,3201002100006,FRESNILLO,FRESNILLO,LOMA BONITA
292,3201002100007,FRESNILLO,FRESNILLO,MIMBRES
293,3201002100008,FRESNILLO,FRESNILLO,SAN ISIDRO
294,3201100010000,TRINIDAD GARC÷A DE LA CADENA,TRINIDAD GARC÷A DE LA CADENA,VARIAS
295,3201100010001,TRINIDAD GARC÷A DE LA CADENA,TRINIDAD GARC÷A DE LA CADENA,TRINIDAD GARC÷A DE LA CADENA
296,3201200010000,GENARO CODINA,GENARO CODINA,VARIAS
297,3201200010001,GENARO CODINA,GENARO CODINA,DE ARTEAGAS
298,3201200010002,GENARO CODINA,GENARO CODINA,DEL SALTO
299,3201200010003,GENARO CODINA,GENARO CODINA,DE HERNµNDEZ
300,3201200010004,GENARO CODINA,GENARO CODINA,DE LOS GUERRERO
301,3201200010005,GENARO CODINA,GENARO CODINA,DE LOS LLANITOS
302,3201200010006,GENARO CODINA,GENARO CODINA,OJO DE AGUA
303,3201200010007,GENARO CODINA,GENARO CODINA,CENTRO
304,3201300010000,GENERAL ENRIQUE ESTRADA,GENERAL ENRIQUE ESTRADA,VARIAS
305,3201300010001,GENERAL ENRIQUE ESTRADA,GENERAL ENRIQUE ESTRADA,AGUA AZUL
306,3201300010002,GENERAL ENRIQUE ESTRADA,GENERAL ENRIQUE ESTRADA,CENTRO
307,3201300010003,GENERAL ENRIQUE ESTRADA,GENERAL ENRIQUE ESTRADA,ENRIQUE ESTRADA
308,3201300010004,GENERAL ENRIQUE ESTRADA,GENERAL ENRIQUE ESTRADA,JACARANDAS
309,3201300010005,GENERAL ENRIQUE ESTRADA,GENERAL ENRIQUE ESTRADA,JARD÷N
310,3201300010006,GENERAL ENRIQUE ESTRADA,GENERAL ENRIQUE ESTRADA,LµZARO CµRDENAS
311,3201300010007,GENERAL ENRIQUE ESTRADA,GENERAL ENRIQUE ESTRADA,LINDA VISTA
312,3201300010008,GENERAL ENRIQUE ESTRADA,GENERAL ENRIQUE ESTRADA,LUCIO CABA•AS
313,3201400010000,GENERAL FRANCISCO R. MURGU÷A,GENERAL FRANCISCO R. MURGU÷A,VARIAS
314,3201400010001,GENERAL FRANCISCO R. MURGU÷A,GENERAL FRANCISCO R. MURGU÷A,20 DE NOVIEMBRE
315,3201400010002,GENERAL FRANCISCO R. MURGU÷A,GENERAL FRANCISCO R. MURGU÷A,CENTRO
316,3201400010004,GENERAL FRANCISCO R. MURGU÷A,GENERAL FRANCISCO R. MURGU÷A,MAGISTERIAL
317,3201400010005,GENERAL FRANCISCO R. MURGU÷A,GENERAL FRANCISCO R. MURGU÷A,LOS µLAMOS
318,3201400010006,GENERAL FRANCISCO R. MURGU÷A,GENERAL FRANCISCO R. MURGU÷A,COPROVI
319,3201500010000,EL PLATEADO DE JOAQU÷N AMARO,EL PLATEADO DE JOAQU÷N AMARO,VARIAS
320,3201500010001,EL PLATEADO DE JOAQU÷N AMARO,EL PLATEADO DE JOAQU÷N AMARO,EL PLATEADO DE JOAQU÷N AMARO
321,3201600010000,GENERAL PµNFILO NATERA,GENERAL PµNFILO NATERA,VARIAS
322,3201600010001,GENERAL PµNFILO NATERA,GENERAL PµNFILO NATERA,RICARDO MONREAL
323,3201600010002,GENERAL PµNFILO NATERA,GENERAL PµNFILO NATERA,PIEDRA AZUL
324,3201600010003,GENERAL PµNFILO NATERA,GENERAL PµNFILO NATERA,LAS µNIMAS II
325,3201600010004,GENERAL PµNFILO NATERA,GENERAL PµNFILO NATERA,LAS µNIMAS I
326,3201600010005,GENERAL PµNFILO NATERA,GENERAL PµNFILO NATERA,ALTO
327,3201600010007,GENERAL PµNFILO NATERA,GENERAL PµNFILO NATERA,NINGUNO
328,3201600010008,GENERAL PµNFILO NATERA,GENERAL PµNFILO NATERA,NINGUNO
329,3201600010009,GENERAL PµNFILO NATERA,GENERAL PµNFILO NATERA,EL SALTO
330,3201600010010,GENERAL PµNFILO NATERA,GENERAL PµNFILO NATERA,NINGUNO
331,3201600010011,GENERAL PµNFILO NATERA,GENERAL PµNFILO NATERA,DE LA SANTA CRUZ
332,3201600010012,GENERAL PµNFILO NATERA,GENERAL PµNFILO NATERA,CENTRO
333,3201600010013,GENERAL PµNFILO NATERA,GENERAL PµNFILO NATERA,SAN JUAN BAUTISTA
334,3201600010015,GENERAL PµNFILO NATERA,GENERAL PµNFILO NATERA,NINGUNO
335,3201600010017,GENERAL PµNFILO NATERA,GENERAL PµNFILO NATERA,DIVINO ROSTRO
336,3201600010018,GENERAL PµNFILO NATERA,GENERAL PµNFILO NATERA,PRESIDENTES
337,3201600010020,GENERAL PµNFILO NATERA,GENERAL PµNFILO NATERA,LAS FLORES
338,3201600010021,GENERAL PµNFILO NATERA,GENERAL PµNFILO NATERA,BUENAVISTA
339,3201600010022,GENERAL PµNFILO NATERA,GENERAL PµNFILO NATERA,MAGISTERIAL
340,3201600010023,GENERAL PµNFILO NATERA,GENERAL PµNFILO NATERA,RAFAEL GUZMµN
341,3201600170001,GENERAL PµNFILO NATERA,GENERAL PµNFILO NATERA,EL SALADILLO
342,3201600250001,GENERAL PµNFILO NATERA,GENERAL PµNFILO NATERA,EL SAUCITO
343,3201700010000,GUADALUPE,GUADALUPE,VARIAS
344,3201700010701,GUADALUPE,GUADALUPE,PRIMERA DE MAYO
345,3201700010702,GUADALUPE,GUADALUPE,µFRICA
346,3201700010703,GUADALUPE,GUADALUPE,PRIVADA LAS µGUILAS
347,3201700010704,GUADALUPE,GUADALUPE,AMêRICAS I
348,3201700010705,GUADALUPE,GUADALUPE,AMêRICAS II
349,3201700010706,GUADALUPE,GUADALUPE,NINGUNO
350,3201700010707,GUADALUPE,GUADALUPE,AMPLIACI‡N LA FE
351,3201700010708,GUADALUPE,GUADALUPE,NINGUNO
352,3201700010709,GUADALUPE,GUADALUPE,LOS µNGELES
353,3201700010710,GUADALUPE,GUADALUPE,ARBOLEDAS
354,3201700010711,GUADALUPE,GUADALUPE,LA FLORIDA
355,3201700010712,GUADALUPE,GUADALUPE,BELLAVISTA
356,3201700010713,GUADALUPE,GUADALUPE,BONATERRA
357,3201700010714,GUADALUPE,GUADALUPE,BONITO PUEBLO
358,3201700010715,GUADALUPE,GUADALUPE,LA BUFA
359,3201700010716,GUADALUPE,GUADALUPE,CALIFORNIA II
360,3201700010717,GUADALUPE,GUADALUPE,CAMILO TORRES
361,3201700010718,GUADALUPE,GUADALUPE,CAMINO REAL
362,3201700010719,GUADALUPE,GUADALUPE,CAMPESINA
363,3201700010720,GUADALUPE,GUADALUPE,CAMPO BRAVO
364,3201700010721,GUADALUPE,GUADALUPE,CAMPO REAL
365,3201700010722,GUADALUPE,GUADALUPE,LA CANTERA
366,3201700010723,GUADALUPE,GUADALUPE,LA CANTERA
367,3201700010724,GUADALUPE,GUADALUPE,CA•ADA LA BUFA
368,3201700010725,GUADALUPE,GUADALUPE,CA•ADA DEL SOL
369,3201700010726,GUADALUPE,GUADALUPE,M‡DULO SOCIAL EL CARMEN
370,3201700010727,GUADALUPE,GUADALUPE,ZONA CENTRO
371,3201700010728,GUADALUPE,GUADALUPE,EL DORADO
372,3201700010729,GUADALUPE,GUADALUPE,FSTSE LA CONDESA
373,3201700010730,GUADALUPE,GUADALUPE,LOS CONVENTOS II
374,3201700010731,GUADALUPE,GUADALUPE,LOS CONVENTOS
375,3201700010732,GUADALUPE,GUADALUPE,LAS CULTURAS AC
376,3201700010733,GUADALUPE,GUADALUPE,DEPENDENCIAS FEDERALES
377,3201700010734,GUADALUPE,GUADALUPE,DEL AGUA
378,3201700010735,GUADALUPE,GUADALUPE,POPULAR DEL BOSQUE
379,3201700010736,GUADALUPE,GUADALUPE,DIVISI‡N DEL NORTE
380,3201700010738,GUADALUPE,GUADALUPE,EJIDAL
381,3201700010739,GUADALUPE,GUADALUPE,EMILIANO ZAPATA
382,3201700010740,GUADALUPE,GUADALUPE,ESCRITORES
383,3201700010741,GUADALUPE,GUADALUPE,LA ESTACI‡N
384,3201700010742,GUADALUPE,GUADALUPE,EX-HACIENDA DE BERNµRDEZ
385,3201700010744,GUADALUPE,GUADALUPE,LA FE
386,3201700010745,GUADALUPE,GUADALUPE,SUTSEMOP
387,3201700010746,GUADALUPE,GUADALUPE,FERROCARRILEROS
388,3201700010747,GUADALUPE,GUADALUPE,FIRCO
389,3201700010748,GUADALUPE,GUADALUPE,LAS FLORES
390,3201700010749,GUADALUPE,GUADALUPE,LAS FLORES
391,3201700010750,GUADALUPE,GUADALUPE,FRANCISCO VILLA
392,3201700010751,GUADALUPE,GUADALUPE,LOS FRAILES
393,3201700010752,GUADALUPE,GUADALUPE,LAS FLORES
394,3201700010753,GUADALUPE,GUADALUPE,ISSSTEZAC
395,3201700010754,GUADALUPE,GUADALUPE,GAVILANES
396,3201700010755,GUADALUPE,GUADALUPE,LOS GERANIOS
397,3201700010756,GUADALUPE,GUADALUPE,GUADALUPE MODERNO
398,3201700010757,GUADALUPE,GUADALUPE,ARROYO DE LA PLATA INDECO
399,3201700010758,GUADALUPE,GUADALUPE,JARDINES DE BERNµRDEZ
400,3201700010759,GUADALUPE,GUADALUPE,HIDRµULICA 13 DE OCTUBRE
401,3201700010760,GUADALUPE,GUADALUPE,JARDINES DEL SOL II
402,3201700010761,GUADALUPE,GUADALUPE,JARDINES DEL SOL
403,3201700010762,GUADALUPE,GUADALUPE,LAS JOYAS
404,3201700010764,GUADALUPE,GUADALUPE,LOMAS DE BERNµRDEZ
405,3201700010765,GUADALUPE,GUADALUPE,LOMAS DE GALICIA
406,3201700010766,GUADALUPE,GUADALUPE,LOMAS DEL CONSUELO
407,3201700010767,GUADALUPE,GUADALUPE,LOMAS DEL CONVENTO
408,3201700010768,GUADALUPE,GUADALUPE,LOMAS DEL VALLE
409,3201700010769,GUADALUPE,GUADALUPE,LUIS DONALDO COLOSIO
410,3201700010770,GUADALUPE,GUADALUPE,LAS MARGARITAS
411,3201700010771,GUADALUPE,GUADALUPE,LA MARTINICA
412,3201700010773,GUADALUPE,GUADALUPE,EL MEZQUITAL
413,3201700010775,GUADALUPE,GUADALUPE,MILITAR
414,3201700010776,GUADALUPE,GUADALUPE,NUEVA GENERACI‡N
415,3201700010777,GUADALUPE,GUADALUPE,NUEVO BERNµRDEZ
416,3201700010778,GUADALUPE,GUADALUPE,OJO DE AGUA DE LA PALMA PRIMERA SECCI‡N
417,3201700010779,GUADALUPE,GUADALUPE,EL PARA÷SO
418,3201700010780,GUADALUPE,GUADALUPE,ZONA INDUSTRIAL
419,3201700010782,GUADALUPE,GUADALUPE,LOS PIRULES
420,3201700010783,GUADALUPE,GUADALUPE,LOS PRADOS
421,3201700010784,GUADALUPE,GUADALUPE,PRIVADA DE EUCALIPTOS
422,3201700010785,GUADALUPE,GUADALUPE,PRIVADA LA ESMERALDA
423,3201700010786,GUADALUPE,GUADALUPE,PRIVADA MINAS
424,3201700010787,GUADALUPE,GUADALUPE,PROGRESISTAS
425,3201700010788,GUADALUPE,GUADALUPE,PRIVADA PUERTA DORADA
426,3201700010789,GUADALUPE,GUADALUPE,LAS QUINTAS
427,3201700010790,GUADALUPE,GUADALUPE,REAL DEL CONDE
428,3201700010791,GUADALUPE,GUADALUPE,REAL MEXICANA
429,3201700010792,GUADALUPE,GUADALUPE,RINC‡N COLONIAL
430,3201700010793,GUADALUPE,GUADALUPE,RINC‡N GUADALUPANO
431,3201700010794,GUADALUPE,GUADALUPE,RINCONADA DE PIRULES
432,3201700010795,GUADALUPE,GUADALUPE,SNTAS CMA
433,3201700010796,GUADALUPE,GUADALUPE,SPAUAZ
434,3201700010797,GUADALUPE,GUADALUPE,STUAZ
435,3201700010798,GUADALUPE,GUADALUPE,STUAZ
436,3201700010800,GUADALUPE,GUADALUPE,EL SALERO
437,3201700010802,GUADALUPE,GUADALUPE,SAN JOSê DE LA PIEDRERA
438,3201700010804,GUADALUPE,GUADALUPE,SAN MIGUEL DEL CORTIJO
439,3201700010805,GUADALUPE,GUADALUPE,SANTA FE
440,3201700010806,GUADALUPE,GUADALUPE,SANTA RITA
441,3201700010807,GUADALUPE,GUADALUPE,SANTA RITA
442,3201700010808,GUADALUPE,GUADALUPE,IVES LIMANTOUR
443,3201700010809,GUADALUPE,GUADALUPE,DEL BOSQUE
444,3201700010810,GUADALUPE,GUADALUPE,TIERRA Y LIBERTAD
445,3201700010811,GUADALUPE,GUADALUPE,SEGUNDA SECCI‡N DE TIERRA Y LIBERTAD
446,3201700010812,GUADALUPE,GUADALUPE,TERCERA SECCI‡N DE TIERRA Y LIBERTAD
447,3201700010813,GUADALUPE,GUADALUPE,TOMA DE ZACATECAS
448,3201700010814,GUADALUPE,GUADALUPE,TONATHIU MAGISTERIAL
449,3201700010815,GUADALUPE,GUADALUPE,PRIVADA LAS TORRES
450,3201700010817,GUADALUPE,GUADALUPE,VALLE DEL CONDE
451,3201700010818,GUADALUPE,GUADALUPE,VALLES
452,3201700010819,GUADALUPE,GUADALUPE,VALLES II
453,3201700010820,GUADALUPE,GUADALUPE,LA VICTORIA
454,3201700010821,GUADALUPE,GUADALUPE,VILLA COLONIAL
455,3201700010822,GUADALUPE,GUADALUPE,VILLA DE LAS FLORES
456,3201700010823,GUADALUPE,GUADALUPE,VILLA REAL
457,3201700010824,GUADALUPE,GUADALUPE,VILLAS DE NAPOLES
458,3201700010825,GUADALUPE,GUADALUPE,VILLAS DEL CARMEN
459,3201700010826,GUADALUPE,GUADALUPE,VILLAS DEL MONASTERIO
460,3201700010827,GUADALUPE,GUADALUPE,VILLAS MARIANA
461,3201700010828,GUADALUPE,GUADALUPE,SEGUNDA AMPLIACI‡N EL DORADO
462,3201700010829,GUADALUPE,GUADALUPE,SEGUNDA AMPLIACI‡N LUIS DONALDO COLOSIO
463,3201700010830,GUADALUPE,GUADALUPE,AMPLIACI‡N BONITO PUEBLO
464,3201700010831,GUADALUPE,GUADALUPE,AMPLIACI‡N CANTERA
465,3201700010832,GUADALUPE,GUADALUPE,AMPLIACI‡N NUEVA GENERACI‡N
466,3201700010833,GUADALUPE,GUADALUPE,PROVIDENCIA
467,3201700010834,GUADALUPE,GUADALUPE,AMPLIACI‡N TIERRA Y LIBERTAD
468,3201700010835,GUADALUPE,GUADALUPE,ANTORCHA CAMPESINA
469,3201700010836,GUADALUPE,GUADALUPE,ARTE MEXICANO
470,3201700010837,GUADALUPE,GUADALUPE,BASTI‡N ROJO
471,3201700010838,GUADALUPE,GUADALUPE,DE LAS BEGONIAS
472,3201700010839,GUADALUPE,GUADALUPE,CALIFORNIA I
473,3201700010840,GUADALUPE,GUADALUPE,LA CA•ADA I
474,3201700010841,GUADALUPE,GUADALUPE,CENTRO HIST‡RICO
475,3201700010842,GUADALUPE,GUADALUPE,LA CIMA
476,3201700010843,GUADALUPE,GUADALUPE,CONDE SANTIAGO DE LA LAGUNA I
477,3201700010844,GUADALUPE,GUADALUPE,CONDE SANTIAGO DE LA LAGUNA II
478,3201700010845,GUADALUPE,GUADALUPE,LA CONDESA
479,3201700010846,GUADALUPE,GUADALUPE,CONDOMINIOS DEL SOL
480,3201700010847,GUADALUPE,GUADALUPE,CONJUNTO CONDOMINIOS EL PARA÷SO
481,3201700010848,GUADALUPE,GUADALUPE,EL ESCARABAJO
482,3201700010849,GUADALUPE,GUADALUPE,LA ESPERANZA
483,3201700010850,GUADALUPE,GUADALUPE,DE LA ESTACI‡N
484,3201700010851,GUADALUPE,GUADALUPE,ESTACI‡N PROVIDENCIA
485,3201700010852,GUADALUPE,GUADALUPE,LA FE SEGUNDA AMPLIACI‡N
486,3201700010853,GUADALUPE,GUADALUPE,FRANJA EJIDAL DE LOS 70 METROS
487,3201700010854,GUADALUPE,GUADALUPE,GALERIAS
488,3201700010855,GUADALUPE,GUADALUPE,GARC÷A SALINAS
489,3201700010856,GUADALUPE,GUADALUPE,GERANEOS II
490,3201700010857,GUADALUPE,GUADALUPE,GRUPO TENDENCIA SINDICAL
491,3201700010858,GUADALUPE,GUADALUPE,GUADALUPE COLONIAL
492,3201700010859,GUADALUPE,GUADALUPE,LOS GUEVARA
493,3201700010860,GUADALUPE,GUADALUPE,IGNACIO ALLENDE
494,3201700010861,GUADALUPE,GUADALUPE,LA INDUSTRIA
495,3201700010862,GUADALUPE,GUADALUPE,ISSSTEZAC
496,3201700010863,GUADALUPE,GUADALUPE,JARDINES DE SAUCEDA
497,3201700010864,GUADALUPE,GUADALUPE,JESÈS PêREZ CUEVAS
498,3201700010865,GUADALUPE,GUADALUPE,JUSTO SIERRA
499,3201700010866,GUADALUPE,GUADALUPE,LAS LADRILLERAS
500,3201700010867,GUADALUPE,GUADALUPE,LIMANTOUR
501,3201700010868,GUADALUPE,GUADALUPE,LINDAVISTA
502,3201700010869,GUADALUPE,GUADALUPE,LOMA BONITA
503,3201700010870,GUADALUPE,GUADALUPE,LOMAS DE BERNµRDEZ SECCI‡N PLATA
504,3201700010871,GUADALUPE,GUADALUPE,LOMAS DE BRITANIA
505,3201700010872,GUADALUPE,GUADALUPE,LOMAS DE GUADALUPE
506,3201700010873,GUADALUPE,GUADALUPE,LOMAS DEL PEDREGAL
507,3201700010874,GUADALUPE,GUADALUPE,DE LORETO
508,3201700010875,GUADALUPE,GUADALUPE,MAGISTERIAL PEDRO RUIZ GONZALEZ
509,3201700010876,GUADALUPE,GUADALUPE,MAGISTERIO
510,3201700010877,GUADALUPE,GUADALUPE,LA MARIANITA
511,3201700010878,GUADALUPE,GUADALUPE,MINAS DEL REAL
512,3201700010879,GUADALUPE,GUADALUPE,MONTEBELLO
513,3201700010880,GUADALUPE,GUADALUPE,MONTES AZULES
514,3201700010881,GUADALUPE,GUADALUPE,MONTESITO
515,3201700010882,GUADALUPE,GUADALUPE,DE LOS MOROS
516,3201700010883,GUADALUPE,GUADALUPE,OJO DE AGUA DE LA PALMA SEGUNDA AMPLIACI‡N
517,3201700010884,GUADALUPE,GUADALUPE,OJO DE AGUA DE LA PALMA SEGUNDA SECCI‡N
518,3201700010885,GUADALUPE,GUADALUPE,OJO DE AGUA DE LA PALMA TERCERA AMPLIACI‡N
519,3201700010886,GUADALUPE,GUADALUPE,OJO DE AGUA DE LA PALMA TERCERA SECCI‡N
520,3201700010887,GUADALUPE,GUADALUPE,OJO DE AGUA DE LA PALMA CUARTA SECCI‡N
521,3201700010888,GUADALUPE,GUADALUPE,LOS OLIVOS
522,3201700010889,GUADALUPE,GUADALUPE,PPS
523,3201700010890,GUADALUPE,GUADALUPE,LA PALMA
524,3201700010891,GUADALUPE,GUADALUPE,DEL PARQUE
525,3201700010892,GUADALUPE,GUADALUPE,PARQUE ARROYO DE LA PLATA
526,3201700010893,GUADALUPE,GUADALUPE,POPULAR SAN FRANCISCO
527,3201700010894,GUADALUPE,GUADALUPE,PORTANOVA
528,3201700010895,GUADALUPE,GUADALUPE,PRIMAVERA
529,3201700010896,GUADALUPE,GUADALUPE,PRIVADA DE 1910
530,3201700010897,GUADALUPE,GUADALUPE,PRIVADA LA FE
531,3201700010898,GUADALUPE,GUADALUPE,PRIVADA MARINA NACIONAL
532,3201700010899,GUADALUPE,GUADALUPE,MINA AZUL
533,3201700010900,GUADALUPE,GUADALUPE,PRIVADA DE OLIVARES
534,3201700010901,GUADALUPE,GUADALUPE,PRIVADA SAUCEDA
535,3201700010902,GUADALUPE,GUADALUPE,PUERTA DE PLATA
536,3201700010903,GUADALUPE,GUADALUPE,LA PUR÷SIMA
537,3201700010904,GUADALUPE,GUADALUPE,QUINTA SAN FERNANDO
538,3201700010905,GUADALUPE,GUADALUPE,QUINTA SAN GABRIEL
539,3201700010906,GUADALUPE,GUADALUPE,QUINTA SAN JER‡NIMO
540,3201700010907,GUADALUPE,GUADALUPE,QUINTA SAN NICOLµS
541,3201700010908,GUADALUPE,GUADALUPE,QUINTA SANTA MARTHA
542,3201700010909,GUADALUPE,GUADALUPE,QUINTA SANTA TERESITA
543,3201700010910,GUADALUPE,GUADALUPE,RAM‡N L‡PEZ VELARDE
544,3201700010911,GUADALUPE,GUADALUPE,REAL DEL SOL
545,3201700010912,GUADALUPE,GUADALUPE,EL ROBLE
546,3201700010913,GUADALUPE,GUADALUPE,EL SALERO
547,3201700010914,GUADALUPE,GUADALUPE,SAN ANTONIO
548,3201700010915,GUADALUPE,GUADALUPE,SAN COSME
549,3201700010916,GUADALUPE,GUADALUPE,SAN CRISTOBAL
550,3201700010917,GUADALUPE,GUADALUPE,SANTA ENGRACIA
551,3201700010918,GUADALUPE,GUADALUPE,EL SANTUARIO
552,3201700010919,GUADALUPE,GUADALUPE,NINGUNO
553,3201700010920,GUADALUPE,GUADALUPE,NINGUNO
554,3201700010922,GUADALUPE,GUADALUPE,NINGUNO
555,3201700010923,GUADALUPE,GUADALUPE,NINGUNO
556,3201700010924,GUADALUPE,GUADALUPE,NINGUNO
557,3201700010925,GUADALUPE,GUADALUPE,NINGUNO
558,3201700010926,GUADALUPE,GUADALUPE,NINGUNO
559,3201700010927,GUADALUPE,GUADALUPE,NINGUNO
560,3201700010928,GUADALUPE,GUADALUPE,NINGUNO
561,3201700010929,GUADALUPE,GUADALUPE,NINGUNO
562,3201700010930,GUADALUPE,GUADALUPE,NUEVO MERCURIO
563,3201700010931,GUADALUPE,GUADALUPE,NINGUNO
564,3201700010932,GUADALUPE,GUADALUPE,NINGUNO
565,3201700010933,GUADALUPE,GUADALUPE,NINGUNO
566,3201700010934,GUADALUPE,GUADALUPE,NINGUNO
567,3201700010935,GUADALUPE,GUADALUPE,NINGUNO
568,3201700010936,GUADALUPE,GUADALUPE,NINGUNO
569,3201700010937,GUADALUPE,GUADALUPE,NINGUNO
570,3201700010938,GUADALUPE,GUADALUPE,NINGUNO
571,3201700010939,GUADALUPE,GUADALUPE,NINGUNO
572,3201700010941,GUADALUPE,GUADALUPE,STUAZ
573,3201700010942,GUADALUPE,GUADALUPE,PRIVADA TALAMANTES
574,3201700010943,GUADALUPE,GUADALUPE,LA TOSCANA
575,3201700010944,GUADALUPE,GUADALUPE,TRUENO
576,3201700010945,GUADALUPE,GUADALUPE,UAZ
577,3201700010946,GUADALUPE,GUADALUPE,AMêRICAS IV
578,3201700010947,GUADALUPE,GUADALUPE,LA VICTORIA II
579,3201700010948,GUADALUPE,GUADALUPE,VILLAS DE DON FERNANDO
580,3201700010949,GUADALUPE,GUADALUPE,VIRREYES
581,3201700010950,GUADALUPE,GUADALUPE,VILLAS DE GUADALUPE
582,3201700010951,GUADALUPE,GUADALUPE,BRISAS DEL CAMPO
583,3201700010952,GUADALUPE,GUADALUPE,CA•ADA DE LA LAGUNA I
584,3201700010953,GUADALUPE,GUADALUPE,CA•ADA DE LA LAGUNA II
585,3201700010954,GUADALUPE,GUADALUPE,CIUDAD DEPORTIVA
586,3201700010955,GUADALUPE,GUADALUPE,CLAVELES
587,3201700010956,GUADALUPE,GUADALUPE,CONQUISTADORES
588,3201700010957,GUADALUPE,GUADALUPE,DESARROLLO LAS QUINTAS
589,3201700010958,GUADALUPE,GUADALUPE,EL PIRULAR
590,3201700010959,GUADALUPE,GUADALUPE,FµTIMA
591,3201700010960,GUADALUPE,GUADALUPE,GARDENIAS
592,3201700010961,GUADALUPE,GUADALUPE,LA CA•ADA II
593,3201700010962,GUADALUPE,GUADALUPE,LA COMARCA
594,3201700010963,GUADALUPE,GUADALUPE,LA COMARCA II ETAPA
595,3201700010964,GUADALUPE,GUADALUPE,LAS LOMAS II
596,3201700010965,GUADALUPE,GUADALUPE,LµZARO CµRDENAS
597,3201700010966,GUADALUPE,GUADALUPE,LOMAS I
598,3201700010967,GUADALUPE,GUADALUPE,MANUEL M. PONCE
599,3201700010968,GUADALUPE,GUADALUPE,MEZQUITE
600,3201700010969,GUADALUPE,GUADALUPE,MURILLO
601,3201700010970,GUADALUPE,GUADALUPE,ORQUIDEAS
602,3201700010971,GUADALUPE,GUADALUPE,PASEO REAL
603,3201700010972,GUADALUPE,GUADALUPE,PRIMAVERA-PRIMAVERA
604,3201700010973,GUADALUPE,GUADALUPE,QUINTA SAN CARLOS
605,3201700010974,GUADALUPE,GUADALUPE,QUINTA SANTA ANA
606,3201700010975,GUADALUPE,GUADALUPE,QUINTA SANTA MAR÷A
607,3201700010976,GUADALUPE,GUADALUPE,REAL DE SAN RAM‡N
608,3201700010977,GUADALUPE,GUADALUPE,REAL SAN GABRIEL
609,3201700010978,GUADALUPE,GUADALUPE,SAN RAM‡N
610,3201700010979,GUADALUPE,GUADALUPE,SAN RAM‡N
611,3201700010980,GUADALUPE,GUADALUPE,SANTA RITA
612,3201700010981,GUADALUPE,GUADALUPE,TRES ESTRELLAS
613,3201700010982,GUADALUPE,GUADALUPE,TRIµNGULO
614,3201700010983,GUADALUPE,GUADALUPE,UNIDAD DEPORTIVA
615,3201700010984,GUADALUPE,GUADALUPE,UNIVERSO
616,3201700010985,GUADALUPE,GUADALUPE,UNIVERSO II
617,3201700010986,GUADALUPE,GUADALUPE,UNIVERSO III
618,3201700010987,GUADALUPE,GUADALUPE,UNIVERSO IV
619,3201700010988,GUADALUPE,GUADALUPE,VALLE DE LOS FRESNOS
620,3201700010989,GUADALUPE,GUADALUPE,VILLA FONTANA
621,3201700010990,GUADALUPE,GUADALUPE,VILLA FONTANA SUR
622,3201700010991,GUADALUPE,GUADALUPE,VILLAS BUGAMBILIA
623,3201700010992,GUADALUPE,GUADALUPE,VILLAS DE LA CORU•A
624,3201700010993,GUADALUPE,GUADALUPE,VILLAS DE SAN FERM÷N
625,3201700010994,GUADALUPE,GUADALUPE,VILLAS DEL TEPEYAC
626,3201700010995,GUADALUPE,GUADALUPE,VILLAS JOHANA
627,3201700090001,GUADALUPE,GUADALUPE,CHE GUEVARA
628,3201700090002,GUADALUPE,GUADALUPE,CIENEGUITAS
629,3201700090003,GUADALUPE,GUADALUPE,H÷PICO
630,3201700090004,GUADALUPE,GUADALUPE,VALLE DORADO
631,3201700290001,GUADALUPE,GUADALUPE,JUAN DE LA O
632,3201700290002,GUADALUPE,GUADALUPE,LA LOMA
633,3201700290003,GUADALUPE,GUADALUPE,DE LA MALOBRA
634,3201700290004,GUADALUPE,GUADALUPE,DEL MUERTO
635,3201700290005,GUADALUPE,GUADALUPE,DEL POCITO
636,3201700290006,GUADALUPE,GUADALUPE,NINGUNO
637,3201700290007,GUADALUPE,GUADALUPE,NINGUNO
638,3201700290008,GUADALUPE,GUADALUPE,DE LA VIRGEN DE SAN JUAN
639,3201700290009,GUADALUPE,GUADALUPE,ZONA CENTRO
640,3201700390001,GUADALUPE,GUADALUPE,LAS CALLES
641,3201700390002,GUADALUPE,GUADALUPE,CENTRO
642,3201700390003,GUADALUPE,GUADALUPE,LAS COLONIAS
643,3201700390004,GUADALUPE,GUADALUPE,ESCONDIDO
644,3201700390005,GUADALUPE,GUADALUPE,EX-HACIENDA
645,3201700390006,GUADALUPE,GUADALUPE,EL PEDREGAL
646,3201700390007,GUADALUPE,GUADALUPE,GUADALUPE
647,3201700390008,GUADALUPE,GUADALUPE,DE LAS HUERTAS
648,3201700390009,GUADALUPE,GUADALUPE,INDUSTRIAL
649,3201700390010,GUADALUPE,GUADALUPE,LOMA DEL SOL
650,3201700390011,GUADALUPE,GUADALUPE,EL MAGUEY
651,3201700390012,GUADALUPE,GUADALUPE,NUEVO
652,3201700390013,GUADALUPE,GUADALUPE,EL PEDREGAL
653,3201700390014,GUADALUPE,GUADALUPE,SAN JOSê DEL R÷O
654,3201700390015,GUADALUPE,GUADALUPE,SAN PEDRO
655,3201700390016,GUADALUPE,GUADALUPE,SOLIDARIDAD
656,3201700390017,GUADALUPE,GUADALUPE,SOLIDARIDAD I
657,3201700390018,GUADALUPE,GUADALUPE,SOLIDARIDAD II
658,3201700390019,GUADALUPE,GUADALUPE,SOLIDARIDAD II B
659,3201700420001,GUADALUPE,GUADALUPE,DEL CERRITO
660,3201700420002,GUADALUPE,GUADALUPE,DEL CHISME
661,3201700420003,GUADALUPE,GUADALUPE,FµTIMA
662,3201700420004,GUADALUPE,GUADALUPE,ZONA CENTRO
663,3201700430001,GUADALUPE,GUADALUPE,DE ABAJO
664,3201700430002,GUADALUPE,GUADALUPE,DE ARRIBA
665,3201700430003,GUADALUPE,GUADALUPE,LAS FLORES
666,3201700430004,GUADALUPE,GUADALUPE,DEL REBOTE
667,3201700430005,GUADALUPE,GUADALUPE,NINGUNO
668,3201800010000,HUANUSCO,HUANUSCO,VARIAS
669,3201800010001,HUANUSCO,HUANUSCO,EL CERRITO
670,3201800010002,HUANUSCO,HUANUSCO,LA CONCEPCI‡N
671,3201800010003,HUANUSCO,HUANUSCO,CRISTINA
672,3201800010004,HUANUSCO,HUANUSCO,LA ERMITA
673,3201800010005,HUANUSCO,HUANUSCO,IGLESIA VIEJA
674,3201800010006,HUANUSCO,HUANUSCO,LAS LAJAS
675,3201800010007,HUANUSCO,HUANUSCO,LIBERTAD
676,3201800010008,HUANUSCO,HUANUSCO,LINDAVISTA
677,3201800010009,HUANUSCO,HUANUSCO,LA MARCELA
678,3201800010010,HUANUSCO,HUANUSCO,SAN FRANCISCO
679,3201800010011,HUANUSCO,HUANUSCO,NINGUNO
680,3201800010012,HUANUSCO,HUANUSCO,ZONA CENTRO
681,3201900010000,JALPA,JALPA,VARIAS
682,3201900010001,JALPA,JALPA,DEL ROSARIO
683,3201900010002,JALPA,JALPA,DEL SAGRADO CORAZ‡N
684,3201900010003,JALPA,JALPA,DEL ARROYO BLANCO
685,3201900010004,JALPA,JALPA,DEL CARMEN
686,3201900010005,JALPA,JALPA,GUERRERO
687,3201900010006,JALPA,JALPA,HIDALGO
688,3201900010007,JALPA,JALPA,LOMAS DE SAN ANTONIO
689,3201900010008,JALPA,JALPA,SAN ANTONIO
690,3201900010009,JALPA,JALPA,COLINAS DE OCCIDENTE
691,3201900010010,JALPA,JALPA,JACARANDAS
692,3201900010011,JALPA,JALPA,LAS PALMAS
693,3201900010012,JALPA,JALPA,LINDAVISTA
694,3201900010013,JALPA,JALPA,LOMAS DE CHAPULTEPEC
695,3201900010014,JALPA,JALPA,LOMAS DEL VALLE
696,3201900010015,JALPA,JALPA,LOS OLMOS
697,3201900010016,JALPA,JALPA,MAGISTERIAL
698,3201900010017,JALPA,JALPA,REFORMA
699,3201900010018,JALPA,JALPA,REVOLUCI‡N
700,3201900010019,JALPA,JALPA,NINGUNO
701,3201900010020,JALPA,JALPA,NINGUNO
702,3201900010021,JALPA,JALPA,NINGUNO
703,3201900010022,JALPA,JALPA,NINGUNO
704,3201900010023,JALPA,JALPA,FOVISSSTE
705,3201900010024,JALPA,JALPA,ZONA CENTRO
706,3201900010025,JALPA,JALPA,DE LA CRUZ
707,3201900010026,JALPA,JALPA,LA HACIENDITA
708,3201900010027,JALPA,JALPA,JARDINES DE SAN JOSê
709,3201900010028,JALPA,JALPA,MESA DEL SANTO
710,3201900010029,JALPA,JALPA,LA MESITA
711,3201900010030,JALPA,JALPA,LA MEZQUITERA
712,3201900010031,JALPA,JALPA,MORELOS
713,3201900010032,JALPA,JALPA,NINGUNO
714,3201900010033,JALPA,JALPA,EL ZAPOTITO
715,3202000010000,JEREZ,JEREZ,VARIAS
716,3202000010001,JEREZ,JEREZ,20 DE NOVIEMBRE
717,3202000010002,JEREZ,JEREZ,ALAMEDA
718,3202000010003,JEREZ,JEREZ,µLAMOS
719,3202000010004,JEREZ,JEREZ,CANDELARIO HUIZAR
720,3202000010005,JEREZ,JEREZ,CNOP
721,3202000010006,JEREZ,JEREZ,JUSTO SIERRA
722,3202000010007,JEREZ,JEREZ,LA CRUZ
723,3202000010008,JEREZ,JEREZ,LAS PALMAS SEGUNDA ETAPA
724,3202000010009,JEREZ,JEREZ,ORGANIZACI‡N CAMPESINA
725,3202000010010,JEREZ,JEREZ,SANTA CRUZ
726,3202000010011,JEREZ,JEREZ,ARTESANOS
727,3202000010012,JEREZ,JEREZ,BOSQUES
728,3202000010013,JEREZ,JEREZ,CAMINO REAL
729,3202000010014,JEREZ,JEREZ,CANDELARIO HUIZAR
730,3202000010015,JEREZ,JEREZ,CANDELARIO HUIZAR II
731,3202000010016,JEREZ,JEREZ,CAXCµN
732,3202000010017,JEREZ,JEREZ,CERVANTES CORONA
733,3202000010018,JEREZ,JEREZ,CHULAVISTA
734,3202000010019,JEREZ,JEREZ,CIêNEGA
735,3202000010020,JEREZ,JEREZ,CNOP
736,3202000010021,JEREZ,JEREZ,GENERAL MAT÷AS RAMOS SANTOS
737,3202000010022,JEREZ,JEREZ,GUADALUPE
738,3202000010023,JEREZ,JEREZ,LOS ARQUITOS
739,3202000010024,JEREZ,JEREZ,CTM
740,3202000010025,JEREZ,JEREZ,DEPORTIVO
741,3202000010026,JEREZ,JEREZ,DEPORTIVO II
742,3202000010027,JEREZ,JEREZ,EL DURAZNILLO
743,3202000010028,JEREZ,JEREZ,JARDINES DE LA VICTORIA
744,3202000010029,JEREZ,JEREZ,EL DURAZNO
745,3202000010030,JEREZ,JEREZ,EL MOLINO
746,3202000010031,JEREZ,JEREZ,EL MOLINO PRIMERA ETAPA
747,3202000010032,JEREZ,JEREZ,EL MONTECILLO
748,3202000010034,JEREZ,JEREZ,EL PEDREGAL
749,3202000010035,JEREZ,JEREZ,EL VALLE
750,3202000010036,JEREZ,JEREZ,EL VERGEL
751,3202000010037,JEREZ,JEREZ,BANRURAL
752,3202000010038,JEREZ,JEREZ,FOVISSSTE
753,3202000010039,JEREZ,JEREZ,AZTECA
754,3202000010040,JEREZ,JEREZ,EL TAURE
755,3202000010041,JEREZ,JEREZ,FUENSANTA
756,3202000010042,JEREZ,JEREZ,GRANJAS DEL MOLINO
757,3202000010043,JEREZ,JEREZ,GUADALUPE
758,3202000010044,JEREZ,JEREZ,JEREZ
759,3202000010045,JEREZ,JEREZ,LA CONCEPCI‡N
760,3202000010046,JEREZ,JEREZ,LA NORIA I
761,3202000010047,JEREZ,JEREZ,LAS BRISAS
762,3202000010048,JEREZ,JEREZ,LAS DELICIAS
763,3202000010049,JEREZ,JEREZ,LAS QUINTAS II
764,3202000010050,JEREZ,JEREZ,LO DE TAURA
765,3202000010051,JEREZ,JEREZ,PRIVADA HOSPITAL
766,3202000010052,JEREZ,JEREZ,UNI‡N SANTA CRUZ
767,3202000010053,JEREZ,JEREZ,VILLA FLAVIA
768,3202000010054,JEREZ,JEREZ,FRENTE POPULAR NORTE Y SUR
769,3202000010055,JEREZ,JEREZ,FRENTE POPULAR DEL SOL
770,3202000010056,JEREZ,JEREZ,GRANJAS DE SAN ISIDRO
771,3202000010057,JEREZ,JEREZ,GUADALAJARA
772,3202000010058,JEREZ,JEREZ,HIDRµULICA
773,3202000010059,JEREZ,JEREZ,HUERTAS DE SAN JOSê
774,3202000010060,JEREZ,JEREZ,INFONAVIT (EL CORTIJO)
775,3202000010061,JEREZ,JEREZ,INFONAVIT (EL PEDREGAL)
776,3202000010062,JEREZ,JEREZ,JARDINES DE LOS ARCOS
777,3202000010063,JEREZ,JEREZ,JARDINES DE RAM‡N L‡PEZ VELARDE
778,3202000010064,JEREZ,JEREZ,JUSTO SIERRA
779,3202000010065,JEREZ,JEREZ,LA CRUZ
780,3202000010066,JEREZ,JEREZ,LA CRUZ II ETAPA
781,3202000010068,JEREZ,JEREZ,LA NORIA
782,3202000010069,JEREZ,JEREZ,LADRILLERA
783,3202000010070,JEREZ,JEREZ,LADRILLERA SUR
784,3202000010071,JEREZ,JEREZ,LAGUNITA
785,3202000010072,JEREZ,JEREZ,LAS AMêRICAS
786,3202000010073,JEREZ,JEREZ,LAS ARTES
787,3202000010074,JEREZ,JEREZ,LAS HACIENDITAS
788,3202000010075,JEREZ,JEREZ,LAS PALMAS
789,3202000010077,JEREZ,JEREZ,LOS ALAMITOS
790,3202000010078,JEREZ,JEREZ,LOS CARDOS
791,3202000010079,JEREZ,JEREZ,LOS PINOS
792,3202000010080,JEREZ,JEREZ,LOS SAUCES
793,3202000010081,JEREZ,JEREZ,MAGISTERIAL
794,3202000010082,JEREZ,JEREZ,MAGISTERIAL II
795,3202000010083,JEREZ,JEREZ,MAGISTERIAL III
796,3202000010084,JEREZ,JEREZ,MERCADERES
797,3202000010085,JEREZ,JEREZ,MODELO
798,3202000010086,JEREZ,JEREZ,NI•OS HêROES
799,3202000010087,JEREZ,JEREZ,NUEVA REFORMA
800,3202000010088,JEREZ,JEREZ,OBRERA
801,3202000010089,JEREZ,JEREZ,OLIMPIA
802,3202000010090,JEREZ,JEREZ,ORGANIZACI‡N CAMPESINA
803,3202000010091,JEREZ,JEREZ,PATRIA NUEVA
804,3202000010092,JEREZ,JEREZ,PLAN MAESTRO EL MOLINO
805,3202000010093,JEREZ,JEREZ,JUSTO SIERRA
806,3202000010094,JEREZ,JEREZ,LA LOMA DORADA
807,3202000010095,JEREZ,JEREZ,LAGUNITA
808,3202000010097,JEREZ,JEREZ,NI•OS HêROES
809,3202000010098,JEREZ,JEREZ,NUEVA REFORMA
810,3202000010100,JEREZ,JEREZ,REAL DEL VALLE
811,3202000010101,JEREZ,JEREZ,JARDINES JEREZ
812,3202000010102,JEREZ,JEREZ,SAN FRANCISCO
813,3202000010103,JEREZ,JEREZ,SAN ISIDRO
814,3202000010104,JEREZ,JEREZ,SANTA CRUZ
815,3202000010105,JEREZ,JEREZ,VILLA FONTANA
816,3202000010106,JEREZ,JEREZ,ZARAGOZA
817,3202000010107,JEREZ,JEREZ,ZONA AGR÷COLA
818,3202000010108,JEREZ,JEREZ,ZONA CENTRO
819,3202000010109,JEREZ,JEREZ,NINGUNO
820,3202000010110,JEREZ,JEREZ,NINGUNO
821,3202000010111,JEREZ,JEREZ,NINGUNO
822,3202000010112,JEREZ,JEREZ,NINGUNO
823,3202000010113,JEREZ,JEREZ,NINGUNO
824,3202000010114,JEREZ,JEREZ,NINGUNO
825,3202000010115,JEREZ,JEREZ,NINGUNO
826,3202000010116,JEREZ,JEREZ,NINGUNO
827,3202000010117,JEREZ,JEREZ,BAUVANERO
828,3202000010118,JEREZ,JEREZ,NINGUNO
829,3202000010119,JEREZ,JEREZ,NINGUNO
830,3202000010120,JEREZ,JEREZ,NINGUNO
831,3202000010121,JEREZ,JEREZ,NINGUNO
832,3202000010122,JEREZ,JEREZ,DON DURITO
833,3202000010123,JEREZ,JEREZ,PRD
834,3202000010124,JEREZ,JEREZ,VILLAS DE SAN ISIDRO
835,3202000010125,JEREZ,JEREZ,CONSTITUYENTES DE 1917
836,3202000010126,JEREZ,JEREZ,EJIDO DE CIêNEGA
837,3202000010127,JEREZ,JEREZ,EL MOLINO
838,3202000010128,JEREZ,JEREZ,EL MOLINO III
839,3202000010129,JEREZ,JEREZ,EL MOLINO IV
840,3202000010130,JEREZ,JEREZ,JARD÷N DEL µLAMO
841,3202000010131,JEREZ,JEREZ,LOMA BLANCA
842,3202000010132,JEREZ,JEREZ,LOS NOGALES
843,3202000010133,JEREZ,JEREZ,NINGUNO
844,3202000010134,JEREZ,JEREZ,SUTSEMOP
845,3202100010000,JIMêNEZ DEL TEUL,JIMêNEZ DEL TEUL,VARIAS
846,3202100010003,JIMêNEZ DEL TEUL,JIMêNEZ DEL TEUL,FLOR DE MAYO
847,3202100010004,JIMêNEZ DEL TEUL,JIMêNEZ DEL TEUL,ALTAVISTA
848,3202100010006,JIMêNEZ DEL TEUL,JIMêNEZ DEL TEUL,TEPETATES
849,3202100010007,JIMêNEZ DEL TEUL,JIMêNEZ DEL TEUL,TLALCOTZAHUATL
850,3202100010008,JIMêNEZ DEL TEUL,JIMêNEZ DEL TEUL,CENTRO
851,3202100010009,JIMêNEZ DEL TEUL,JIMêNEZ DEL TEUL,GANADEROS
852,3202200010000,JUAN ALDAMA,JUAN ALDAMA,VARIAS
853,3202200010001,JUAN ALDAMA,JUAN ALDAMA,CERRO DE LA PILA
854,3202200010002,JUAN ALDAMA,JUAN ALDAMA,CERRO DEL AGUA
855,3202200010003,JUAN ALDAMA,JUAN ALDAMA,DE LA LOMA
856,3202200010004,JUAN ALDAMA,JUAN ALDAMA,DE LA PIEDRA ANCHA
857,3202200010005,JUAN ALDAMA,JUAN ALDAMA,DE LA SEQU÷A
858,3202200010006,JUAN ALDAMA,JUAN ALDAMA,DE LAS HUERTAS
859,3202200010007,JUAN ALDAMA,JUAN ALDAMA,DE LOS ZÈ•IGA
860,3202200010009,JUAN ALDAMA,JUAN ALDAMA,CUARTEL SEXTO
861,3202200010010,JUAN ALDAMA,JUAN ALDAMA,LAS JARILLAS
862,3202200010011,JUAN ALDAMA,JUAN ALDAMA,LOS HERNµNDEZ
863,3202200010012,JUAN ALDAMA,JUAN ALDAMA,DE LOS PE•A
864,3202200010013,JUAN ALDAMA,JUAN ALDAMA,LOS PêREZ
865,3202200010014,JUAN ALDAMA,JUAN ALDAMA,MAHOMA
866,3202200010015,JUAN ALDAMA,JUAN ALDAMA,PASO DE µGUILA
867,3202200010016,JUAN ALDAMA,JUAN ALDAMA,7 DE MARZO
868,3202200010017,JUAN ALDAMA,JUAN ALDAMA,BRISAS DEL R÷O
869,3202200010018,JUAN ALDAMA,JUAN ALDAMA,CENTAURO DEL NORTE
870,3202200010019,JUAN ALDAMA,JUAN ALDAMA,EL MEZQUITAL
871,3202200010020,JUAN ALDAMA,JUAN ALDAMA,EL PEDREGAL
872,3202200010021,JUAN ALDAMA,JUAN ALDAMA,LA ALMOLOYA
873,3202200010022,JUAN ALDAMA,JUAN ALDAMA,LA ROSETILLA
874,3202200010023,JUAN ALDAMA,JUAN ALDAMA,LAS FLORES
875,3202200010024,JUAN ALDAMA,JUAN ALDAMA,MAGISTERIAL
876,3202200010025,JUAN ALDAMA,JUAN ALDAMA,NUEVA AURORA
877,3202200010026,JUAN ALDAMA,JUAN ALDAMA,NUEVO AMANECER
878,3202200010027,JUAN ALDAMA,JUAN ALDAMA,ORIENTE
879,3202200010028,JUAN ALDAMA,JUAN ALDAMA,VILLA ARêCHIGA
880,3202200010031,JUAN ALDAMA,JUAN ALDAMA,SAN JOSê DE LA CA•ADA
881,3202200010032,JUAN ALDAMA,JUAN ALDAMA,ZONA CENTRO
882,3202200010033,JUAN ALDAMA,JUAN ALDAMA,ALBERTO ALBA
883,3202200010034,JUAN ALDAMA,JUAN ALDAMA,AMêRICA
884,3202200010035,JUAN ALDAMA,JUAN ALDAMA,DEL CALVARIO UNO
885,3202200010036,JUAN ALDAMA,JUAN ALDAMA,DEL CALVARIO DOS
886,3202200010037,JUAN ALDAMA,JUAN ALDAMA,DE LOS CARRILLO
887,3202200010038,JUAN ALDAMA,JUAN ALDAMA,LOS CASAS
888,3202200010039,JUAN ALDAMA,JUAN ALDAMA,DE LOS CASIO
889,3202200010040,JUAN ALDAMA,JUAN ALDAMA,CUATRO VIENTOS
890,3202200010041,JUAN ALDAMA,JUAN ALDAMA,GAONA
891,3202200010042,JUAN ALDAMA,JUAN ALDAMA,LAS JARILLAS
892,3202200010043,JUAN ALDAMA,JUAN ALDAMA,EL OJITO
893,3202200010044,JUAN ALDAMA,JUAN ALDAMA,LA PILA
894,3202200010045,JUAN ALDAMA,JUAN ALDAMA,LA RIVERA
895,3202200010046,JUAN ALDAMA,JUAN ALDAMA,SAN JUAN DEL MEZQUITAL
896,3202200010047,JUAN ALDAMA,JUAN ALDAMA,LOS SANDOVAL
897,3202200010048,JUAN ALDAMA,JUAN ALDAMA,EL TRIµNGULO
898,3202300010000,JUCHIPILA,JUCHIPILA,VARIAS
899,3202300010001,JUCHIPILA,JUCHIPILA,DIAMANTE
900,3202300010002,JUCHIPILA,JUCHIPILA,CA•ADA DE LOS VµZQUEZ
901,3202300010004,JUCHIPILA,JUCHIPILA,LAS AMACAS
902,3202300010005,JUCHIPILA,JUCHIPILA,LA QUINTA
903,3202300010006,JUCHIPILA,JUCHIPILA,EL PARA÷SO
904,3202300010008,JUCHIPILA,JUCHIPILA,SURCO DE NOPALES
905,3202300010701,JUCHIPILA,JUCHIPILA,CENTRO
906,3202300010702,JUCHIPILA,JUCHIPILA,CERRO DE ARENA
907,3202300010704,JUCHIPILA,JUCHIPILA,ENRIQUE ESTRADA
908,3202300010708,JUCHIPILA,JUCHIPILA,REYNA ELENA
909,3202300010709,JUCHIPILA,JUCHIPILA,SAN FRANCISCO
910,3202300010711,JUCHIPILA,JUCHIPILA,VISTA HERMOSA
911,3202400010000,LORETO,LORETO,VARIAS
912,3202400010006,LORETO,LORETO,SAN MARCOS
913,3202400010008,LORETO,LORETO,CENTRO
914,3202400010009,LORETO,LORETO,SAN SAMUEL I
915,3202400010010,LORETO,LORETO,LA ESMERALDA
916,3202400010011,LORETO,LORETO,SAN PABLO
917,3202400010020,LORETO,LORETO,SAN MARCOS II
918,3202400010701,LORETO,LORETO,ACEVEDO
919,3202400010702,LORETO,LORETO,EL SOCORRO
920,3202400010704,LORETO,LORETO,LOS PUENTES
921,3202400010705,LORETO,LORETO,ARENAS
922,3202400010708,LORETO,LORETO,EDUCACI‡N
923,3202400010711,LORETO,LORETO,LµZARO CARDENAS
924,3202400010712,LORETO,LORETO,LLANOS DE SAN MIGUEL
925,3202400010713,LORETO,LORETO,REAL DE ANGELES
926,3202400010714,LORETO,LORETO,REFORMA
927,3202400010715,LORETO,LORETO,REVOLUCI‡N
928,3202400010716,LORETO,LORETO,SAN FRANCISCO I
929,3202400010717,LORETO,LORETO,SAN FRANCISCO II
930,3202400010718,LORETO,LORETO,SAN JUAN
931,3202400010719,LORETO,LORETO,SAN MANUEL
932,3202400010722,LORETO,LORETO,SANTA CRUZ
933,3202400010723,LORETO,LORETO,VEGA
934,3202400010724,LORETO,LORETO,LOS VI•EDOS
935,3202400010725,LORETO,LORETO,LOS ANGELES
936,3202400010726,LORETO,LORETO,LOS CEDROS
937,3202400010727,LORETO,LORETO,EL EDêN
938,3202400010728,LORETO,LORETO,ESCOBEDO
939,3202400010729,LORETO,LORETO,LA ESPERANZA I
940,3202400010730,LORETO,LORETO,LA ESPERANZA II
941,3202400010731,LORETO,LORETO,LA HUERTITA
942,3202400010732,LORETO,LORETO,INDEPENDENCIA
943,3202400010733,LORETO,LORETO,LA MARTINICA I
944,3202400010734,LORETO,LORETO,LA MARTINICA II
945,3202400010735,LORETO,LORETO,EL MEZQUITAL
946,3202400010736,LORETO,LORETO,SAN CARLOS
947,3202400010737,LORETO,LORETO,SAN GENARO
948,3202400010739,LORETO,LORETO,LA ESMERALDA
949,3202400010741,LORETO,LORETO,TORRES
950,3202400010742,LORETO,LORETO,VALLE DE LORETO
951,3202400010743,LORETO,LORETO,CENTRO
952,3202400010744,LORETO,LORETO,LA VICTORIA
953,3202400010745,LORETO,LORETO,VI•EDOS
954,3202400350001,LORETO,LORETO,SAN MARCOS
955,3202500010000,LUIS MOYA,LUIS MOYA,VARIAS
956,3202500010002,LUIS MOYA,LUIS MOYA,SAN FRANCISCO III
957,3202500010701,LUIS MOYA,LUIS MOYA,CAMPESTRE
958,3202500010702,LUIS MOYA,LUIS MOYA,CENTRO
959,3202500010703,LUIS MOYA,LUIS MOYA,LAS FLORES
960,3202500010704,LUIS MOYA,LUIS MOYA,LIBERTAD
961,3202500010705,LUIS MOYA,LUIS MOYA,MAGISTERIAL
962,3202500010706,LUIS MOYA,LUIS MOYA,PRADERAS
963,3202500010707,LUIS MOYA,LUIS MOYA,SAN ANTONIO
964,3202500010709,LUIS MOYA,LUIS MOYA,SAN FRANCISCO
965,3202500010710,LUIS MOYA,LUIS MOYA,SAN MIGUEL
966,3202500010711,LUIS MOYA,LUIS MOYA,UNIDAD DEPORTIVA
967,3202500010712,LUIS MOYA,LUIS MOYA,LOMAS DE SANTA CRUZ
968,3202500010713,LUIS MOYA,LUIS MOYA,EL MEZQUITAL
969,3202500010714,LUIS MOYA,LUIS MOYA,MILPA ALTA
970,3202500010715,LUIS MOYA,LUIS MOYA,NI•OS HêROES
971,3202600010000,MAZAPIL,MAZAPIL,VARIAS
972,3202600010001,MAZAPIL,MAZAPIL,MAZAPIL
973,3202700010000,MELCHOR OCAMPO,MELCHOR OCAMPO,VARIAS
974,3202700010001,MELCHOR OCAMPO,MELCHOR OCAMPO,MELCHOR OCAMPO
975,3202800010000,MEZQUITAL DEL ORO,MEZQUITAL DEL ORO,VARIAS
976,3202800010001,MEZQUITAL DEL ORO,MEZQUITAL DEL ORO,DE ABAJO
977,3202800010002,MEZQUITAL DEL ORO,MEZQUITAL DEL ORO,DE ARRIBA
978,3202800010003,MEZQUITAL DEL ORO,MEZQUITAL DEL ORO,DE LA CAMACHA
979,3202800010004,MEZQUITAL DEL ORO,MEZQUITAL DEL ORO,DE LA CANTERA
980,3202800010005,MEZQUITAL DEL ORO,MEZQUITAL DEL ORO,CENTRO
981,3202800010006,MEZQUITAL DEL ORO,MEZQUITAL DEL ORO,FRESNILLO
982,3202800010007,MEZQUITAL DEL ORO,MEZQUITAL DEL ORO,GUAYABITOS
983,3202800010008,MEZQUITAL DEL ORO,MEZQUITAL DEL ORO,LINDA VISTA
984,3202800010009,MEZQUITAL DEL ORO,MEZQUITAL DEL ORO,PLAZA DE TOROS
985,3202800010010,MEZQUITAL DEL ORO,MEZQUITAL DEL ORO,TRES CUARTILLAS
986,3202800010011,MEZQUITAL DEL ORO,MEZQUITAL DEL ORO,ALFAREROS
987,3202900010000,MIGUEL AUZA,MIGUEL AUZA,VARIAS
988,3202900010001,MIGUEL AUZA,MIGUEL AUZA,BETANIA
989,3202900010002,MIGUEL AUZA,MIGUEL AUZA,CENTRO
990,3202900010003,MIGUEL AUZA,MIGUEL AUZA,CHAPULINES
991,3202900010004,MIGUEL AUZA,MIGUEL AUZA,CONASUPO
992,3202900010005,MIGUEL AUZA,MIGUEL AUZA,LA LIEBRE
993,3202900010006,MIGUEL AUZA,MIGUEL AUZA,ESTRELLA
994,3202900010007,MIGUEL AUZA,MIGUEL AUZA,JARDINES DE LA NUEVA ESPA•A
995,3202900010008,MIGUEL AUZA,MIGUEL AUZA,LINDA VISTA
996,3202900010009,MIGUEL AUZA,MIGUEL AUZA,LAS MINAS
997,3202900010010,MIGUEL AUZA,MIGUEL AUZA,LAS MAGDALENAS
998,3202900010012,MIGUEL AUZA,MIGUEL AUZA,EL PARA÷SO
999,3202900010013,MIGUEL AUZA,MIGUEL AUZA,FRANCISCO VILLA
1000,3202900010014,MIGUEL AUZA,MIGUEL AUZA,DE ABAJO
1001,3202900010015,MIGUEL AUZA,MIGUEL AUZA,DE ARRIBA
1002,3202900010016,MIGUEL AUZA,MIGUEL AUZA,BENITO JUµREZ
1003,3202900010017,MIGUEL AUZA,MIGUEL AUZA,LA CANTERA
1004,3202900010018,MIGUEL AUZA,MIGUEL AUZA,EL CERRITO
1005,3202900010019,MIGUEL AUZA,MIGUEL AUZA,ESPA•A
1006,3202900010020,MIGUEL AUZA,MIGUEL AUZA,LA LOMA
1007,3202900010021,MIGUEL AUZA,MIGUEL AUZA,MINAS
1008,3202900010022,MIGUEL AUZA,MIGUEL AUZA,DE SAN MART÷N
1009,3203000010000,MOMAX,MOMAX,VARIAS
1010,3203000010001,MOMAX,MOMAX,MOMAX
1011,3203100010000,MONTE ESCOBEDO,MONTE ESCOBEDO,VARIAS
1012,3203100010001,MONTE ESCOBEDO,MONTE ESCOBEDO,BUENAVISTA
1013,3203100010002,MONTE ESCOBEDO,MONTE ESCOBEDO,LA CHINA
1014,3203100010003,MONTE ESCOBEDO,MONTE ESCOBEDO,EL DORADO
1015,3203100010004,MONTE ESCOBEDO,MONTE ESCOBEDO,ESMERALDA
1016,3203100010005,MONTE ESCOBEDO,MONTE ESCOBEDO,LAS FLORES
1017,3203100010006,MONTE ESCOBEDO,MONTE ESCOBEDO,LOS FUERTES
1018,3203100010007,MONTE ESCOBEDO,MONTE ESCOBEDO,LA LOMA
1019,3203100010008,MONTE ESCOBEDO,MONTE ESCOBEDO,LOMAS DEL PASO
1020,3203100010009,MONTE ESCOBEDO,MONTE ESCOBEDO,MAGISTERIAL
1021,3203100010010,MONTE ESCOBEDO,MONTE ESCOBEDO,MANUEL M. PONCE
1022,3203100010011,MONTE ESCOBEDO,MONTE ESCOBEDO,LAS MESITAS
1023,3203100010012,MONTE ESCOBEDO,MONTE ESCOBEDO,EL PASO
1024,3203100010013,MONTE ESCOBEDO,MONTE ESCOBEDO,LA PALMA
1025,3203100010014,MONTE ESCOBEDO,MONTE ESCOBEDO,EL PANTANO
1026,3203100010015,MONTE ESCOBEDO,MONTE ESCOBEDO,LAS PILITAS
1027,3203100010016,MONTE ESCOBEDO,MONTE ESCOBEDO,SAN FRANCISCO
1028,3203100010017,MONTE ESCOBEDO,MONTE ESCOBEDO,SANTA CRUZ
1029,3203100010018,MONTE ESCOBEDO,MONTE ESCOBEDO,NINGUNO
1030,3203100010019,MONTE ESCOBEDO,MONTE ESCOBEDO,NINGUNO
1031,3203100010020,MONTE ESCOBEDO,MONTE ESCOBEDO,NINGUNO
1032,3203100010021,MONTE ESCOBEDO,MONTE ESCOBEDO,NINGUNO
1033,3203100010022,MONTE ESCOBEDO,MONTE ESCOBEDO,EL TRASTE
1034,3203100010023,MONTE ESCOBEDO,MONTE ESCOBEDO,ZONA CENTRO
1035,3203200010000,MORELOS,MORELOS,VARIAS
1036,3203200010001,MORELOS,MORELOS,FRANCISCO VILLA
1037,3203200010002,MORELOS,MORELOS,JARDINES DE MORELOS
1038,3203200010003,MORELOS,MORELOS,MONTEREAL
1039,3203200010004,MORELOS,MORELOS,RAM‡N L‡PEZ VELARDE
1040,3203200010005,MORELOS,MORELOS,TRES CONDES
1041,3203200010006,MORELOS,MORELOS,ZONA CENTRO
1042,3203200010007,MORELOS,MORELOS,CALIFORNIA
1043,3203200110001,MORELOS,MORELOS,HACIENDA NUEVA
1044,3203300010000,MOYAHUA DE ESTRADA,MOYAHUA DE ESTRADA,VARIAS
1045,3203300010001,MOYAHUA DE ESTRADA,MOYAHUA DE ESTRADA,ALTO
1046,3203300010002,MOYAHUA DE ESTRADA,MOYAHUA DE ESTRADA,BAJ÷O BLANCO
1047,3203300010003,MOYAHUA DE ESTRADA,MOYAHUA DE ESTRADA,BAJO
1048,3203300010004,MOYAHUA DE ESTRADA,MOYAHUA DE ESTRADA,EL CONVENTO
1049,3203300010005,MOYAHUA DE ESTRADA,MOYAHUA DE ESTRADA,SANTA CRUZ
1050,3203300010006,MOYAHUA DE ESTRADA,MOYAHUA DE ESTRADA,SANTA MAR÷A
1051,3203300010007,MOYAHUA DE ESTRADA,MOYAHUA DE ESTRADA,NINGUNO
1052,3203300010008,MOYAHUA DE ESTRADA,MOYAHUA DE ESTRADA,ZONA CENTRO
1053,3203300010009,MOYAHUA DE ESTRADA,MOYAHUA DE ESTRADA,EL PARADOR
1054,3203400010000,NOCHISTLµN DE MEJ÷A,NOCHISTLµN DE MEJ÷A,VARIAS
1055,3203400010001,NOCHISTLµN DE MEJ÷A,NOCHISTLµN DE MEJ÷A,ARBOLEDAS
1056,3203400010002,NOCHISTLµN DE MEJ÷A,NOCHISTLµN DE MEJ÷A,LOS ARCOS
1057,3203400010003,NOCHISTLµN DE MEJ÷A,NOCHISTLµN DE MEJ÷A,EL BAJ÷O
1058,3203400010004,NOCHISTLµN DE MEJ÷A,NOCHISTLµN DE MEJ÷A,BUGAMBILIAS
1059,3203400010005,NOCHISTLµN DE MEJ÷A,NOCHISTLµN DE MEJ÷A,CENTRO
1060,3203400010006,NOCHISTLµN DE MEJ÷A,NOCHISTLµN DE MEJ÷A,LA GLORIA
1061,3203400010007,NOCHISTLµN DE MEJ÷A,NOCHISTLµN DE MEJ÷A,LAS FUENTES
1062,3203400010008,NOCHISTLµN DE MEJ÷A,NOCHISTLµN DE MEJ÷A,LOMA BONITA
1063,3203400010009,NOCHISTLµN DE MEJ÷A,NOCHISTLµN DE MEJ÷A,QUINTA LOS SAUCES
1064,3203400010010,NOCHISTLµN DE MEJ÷A,NOCHISTLµN DE MEJ÷A,LA QUINTA
1065,3203400010011,NOCHISTLµN DE MEJ÷A,NOCHISTLµN DE MEJ÷A,SUTSEMOP
1066,3203400010013,NOCHISTLµN DE MEJ÷A,NOCHISTLµN DE MEJ÷A,SANTA CECILIA
1067,3203400010014,NOCHISTLµN DE MEJ÷A,NOCHISTLµN DE MEJ÷A,SANTO SANTIAGO
1068,3203400010015,NOCHISTLµN DE MEJ÷A,NOCHISTLµN DE MEJ÷A,LAS 7 ESQUINAS
1069,3203400010016,NOCHISTLµN DE MEJ÷A,NOCHISTLµN DE MEJ÷A,LAS BRISAS
1070,3203400010017,NOCHISTLµN DE MEJ÷A,NOCHISTLµN DE MEJ÷A,DE LA CAPILLA DE GUADALUPE
1071,3203400010018,NOCHISTLµN DE MEJ÷A,NOCHISTLµN DE MEJ÷A,GUADALUPANO
1072,3203400010019,NOCHISTLµN DE MEJ÷A,NOCHISTLµN DE MEJ÷A,LA GUERRERO
1073,3203400010020,NOCHISTLµN DE MEJ÷A,NOCHISTLµN DE MEJ÷A,HOSPITAL
1074,3203400010021,NOCHISTLµN DE MEJ÷A,NOCHISTLµN DE MEJ÷A,LA JUµREZ
1075,3203400010022,NOCHISTLµN DE MEJ÷A,NOCHISTLµN DE MEJ÷A,LOMAS DEL ACUEDUCTO
1076,3203400010023,NOCHISTLµN DE MEJ÷A,NOCHISTLµN DE MEJ÷A,LA MEJIA
1077,3203400010024,NOCHISTLµN DE MEJ÷A,NOCHISTLµN DE MEJ÷A,LAS PALMITAS
1078,3203400010025,NOCHISTLµN DE MEJ÷A,NOCHISTLµN DE MEJ÷A,SAN JOSê
1079,3203400010026,NOCHISTLµN DE MEJ÷A,NOCHISTLµN DE MEJ÷A,SAN MIGUEL
1080,3203400010027,NOCHISTLµN DE MEJ÷A,NOCHISTLµN DE MEJ÷A,SAN PABLO
1081,3203400010028,NOCHISTLµN DE MEJ÷A,NOCHISTLµN DE MEJ÷A,SAN SEBASTIµN
1082,3203400010029,NOCHISTLµN DE MEJ÷A,NOCHISTLµN DE MEJ÷A,LA SECUNDARIA
1083,3203400010030,NOCHISTLµN DE MEJ÷A,NOCHISTLµN DE MEJ÷A,NINGUNO
1084,3203400010031,NOCHISTLµN DE MEJ÷A,NOCHISTLµN DE MEJ÷A,NINGUNO
1085,3203400010032,NOCHISTLµN DE MEJ÷A,NOCHISTLµN DE MEJ÷A,NINGUNO
1086,3203400010033,NOCHISTLµN DE MEJ÷A,NOCHISTLµN DE MEJ÷A,SUBURBIO ARROYOS CUATES
1087,3203400010034,NOCHISTLµN DE MEJ÷A,NOCHISTLµN DE MEJ÷A,SUBURBIO NORTE
1088,3203400010035,NOCHISTLµN DE MEJ÷A,NOCHISTLµN DE MEJ÷A,CHULA VISTA
1089,3203400010036,NOCHISTLµN DE MEJ÷A,NOCHISTLµN DE MEJ÷A,CLUB CINEGêTICO
1090,3203400010037,NOCHISTLµN DE MEJ÷A,NOCHISTLµN DE MEJ÷A,COLINAS DEL SOL
1091,3203400010038,NOCHISTLµN DE MEJ÷A,NOCHISTLµN DE MEJ÷A,EL JALOQUE
1092,3203400010039,NOCHISTLµN DE MEJ÷A,NOCHISTLµN DE MEJ÷A,ROLY
1093,3203500010000,NORIA DE µNGELES,NORIA DE µNGELES,VARIAS
1094,3203500010002,NORIA DE µNGELES,NORIA DE µNGELES,DE LOS L‡PEZ
1095,3203500010003,NORIA DE µNGELES,NORIA DE µNGELES,MINERA
1096,3203500010004,NORIA DE µNGELES,NORIA DE µNGELES,ZONA CENTRO
1097,3203600010000,OJOCALIENTE,OJOCALIENTE,VARIAS
1098,3203600010002,OJOCALIENTE,OJOCALIENTE,EL TRêBOL
1099,3203600010052,OJOCALIENTE,OJOCALIENTE,EL MEZQUITAL
1100,3203600010054,OJOCALIENTE,OJOCALIENTE,CAMPESINA
1101,3203600010701,OJOCALIENTE,OJOCALIENTE,CENTRO
1102,3203600010702,OJOCALIENTE,OJOCALIENTE,CHINAMPAS
1103,3203600010703,OJOCALIENTE,OJOCALIENTE,EL HÈMEDO
1104,3203600010704,OJOCALIENTE,OJOCALIENTE,INDECO
1105,3203600010705,OJOCALIENTE,OJOCALIENTE,JERUSALêN
1106,3203600010706,OJOCALIENTE,OJOCALIENTE,LµZARO CARDENAS
1107,3203600010707,OJOCALIENTE,OJOCALIENTE,LUIS REYES
1108,3203600010708,OJOCALIENTE,OJOCALIENTE,MARTELL
1109,3203600010709,OJOCALIENTE,OJOCALIENTE,NUEVO OJOCALIENTE
1110,3203600010712,OJOCALIENTE,OJOCALIENTE,PARGA
1111,3203600010713,OJOCALIENTE,OJOCALIENTE,EL PORTALITO
1112,3203600010714,OJOCALIENTE,OJOCALIENTE,REAL BASTIDAS
1113,3203600010715,OJOCALIENTE,OJOCALIENTE,REGINALDO SANDOVAL
1114,3203600010716,OJOCALIENTE,OJOCALIENTE,RENACIMIENTO
1115,3203600010717,OJOCALIENTE,OJOCALIENTE,SAN JORGE
1116,3203600010718,OJOCALIENTE,OJOCALIENTE,SAN MIGUEL
1117,3203600010719,OJOCALIENTE,OJOCALIENTE,SAN PEDRO
1118,3203600010720,OJOCALIENTE,OJOCALIENTE,VETERANOS DE LA REVOLUCI‡N
1119,3203600010721,OJOCALIENTE,OJOCALIENTE,VILLITAS
1120,3203600010722,OJOCALIENTE,OJOCALIENTE,BENITO JUµREZ
1121,3203600010724,OJOCALIENTE,OJOCALIENTE,CASA BLANCA
1122,3203600010725,OJOCALIENTE,OJOCALIENTE,FELIPE HARRERA VILLALOBOS
1123,3203600010726,OJOCALIENTE,OJOCALIENTE,HUERTA SANTA TERESA
1124,3203600010728,OJOCALIENTE,OJOCALIENTE,NOMBRE DE DIOS
1125,3203600010729,OJOCALIENTE,OJOCALIENTE,PAMANES ESCOBEDO PRIMERA SECCI‡N
1126,3203600010730,OJOCALIENTE,OJOCALIENTE,PAMANES ESCOBEDO SEGUNDA SECCI‡N
1127,3203600010731,OJOCALIENTE,OJOCALIENTE,PAMANES ESCOBEDO TERCERA SECCI‡N
1128,3203600010732,OJOCALIENTE,OJOCALIENTE,EL PAPANT‡N I
1129,3203600010733,OJOCALIENTE,OJOCALIENTE,EL PAPANT‡N II
1130,3203600010735,OJOCALIENTE,OJOCALIENTE,LAS LOMAS
1131,3203700010000,PµNUCO,PµNUCO,VARIAS
1132,3203700010001,PµNUCO,PµNUCO,DE LA CALLECITA
1133,3203700010002,PµNUCO,PµNUCO,DEL CALVARIO
1134,3203700010003,PµNUCO,PµNUCO,DE LA CANADµ
1135,3203700010004,PµNUCO,PµNUCO,CENTRO (LA PLAZA)
1136,3203700010005,PµNUCO,PµNUCO,EL CERRITO
1137,3203700010006,PµNUCO,PµNUCO,DE LA FUENTE
1138,3203700010007,PµNUCO,PµNUCO,MINERA
1139,3203700010008,PµNUCO,PµNUCO,EL MIRADOR
1140,3203700010009,PµNUCO,PµNUCO,NI•OS HêROES
1141,3203700010010,PµNUCO,PµNUCO,DE LA PLAZUELA
1142,3203700010011,PµNUCO,PµNUCO,DEL PUEBLITO
1143,3203700010012,PµNUCO,PµNUCO,SIERRA DE µLICA
1144,3203700160002,PµNUCO,PµNUCO,CERRO DE LA SILLA
1145,3203700160003,PµNUCO,PµNUCO,CERRO LOS CHILITOS
1146,3203700160004,PµNUCO,PµNUCO,LAS COLONIAS
1147,3203700160005,PµNUCO,PµNUCO,CONABAY
1148,3203700160006,PµNUCO,PµNUCO,LA LOMA
1149,3203700160007,PµNUCO,PµNUCO,DE LA LOMITA
1150,3203700160008,PµNUCO,PµNUCO,EL SALTO
1151,3203700160009,PµNUCO,PµNUCO,LA SIERRA
1152,3203700160010,PµNUCO,PµNUCO,NINGUNO
1153,3203700160011,PµNUCO,PµNUCO,LAS V÷BORAS
1154,3203700160012,PµNUCO,PµNUCO,ZONA CENTRO
1155,3203700210002,PµNUCO,PµNUCO,DE ABAJO
1156,3203700210003,PµNUCO,PµNUCO,LOS ACU•A
1157,3203700210004,PµNUCO,PµNUCO,LOS ARTEAGA
1158,3203700210005,PµNUCO,PµNUCO,EL BAJ÷O
1159,3203700210006,PµNUCO,PµNUCO,LOS QUI•ONES
1160,3203700210007,PµNUCO,PµNUCO,LA SECADORA
1161,3203700210008,PµNUCO,PµNUCO,DE LA SECUNDARIA
1162,3203700210009,PµNUCO,PµNUCO,ZONA CENTRO
1163,3203800010000,PINOS,PINOS,VARIAS
1164,3203800010001,PINOS,PINOS,AYUNTAMIENTO
1165,3203800010002,PINOS,PINOS,GUADALUPE
1166,3203800010003,PINOS,PINOS,LAS TINAJAS
1167,3203800010004,PINOS,PINOS,MAGISTERIAL
1168,3203800010005,PINOS,PINOS,CENTRO
1169,3203800010006,PINOS,PINOS,SAN JUANICO
1170,3203800010007,PINOS,PINOS,SANTA CECILIA
1171,3203800010008,PINOS,PINOS,TLAXCALA
1172,3203800010009,PINOS,PINOS,NINGUNO
1173,3203800010010,PINOS,PINOS,SAN FRANCISCO DE LAS ROSAS
1174,3203800010011,PINOS,PINOS,SIERRA DE PINOS
1175,3203801250001,PINOS,PINOS,PEDREGOSO
1176,3203900010000,R÷O GRANDE,R÷O GRANDE,VARIAS
1177,3203900010001,R÷O GRANDE,R÷O GRANDE,DEL CUERO
1178,3203900010002,R÷O GRANDE,R÷O GRANDE,LA ESTRELLA
1179,3203900010003,R÷O GRANDE,R÷O GRANDE,LA LOMA
1180,3203900010004,R÷O GRANDE,R÷O GRANDE,LµZARO CµRDENAS (LAS PALOMAS)
1181,3203900010005,R÷O GRANDE,R÷O GRANDE,LOS CARRILLO
1182,3203900010006,R÷O GRANDE,R÷O GRANDE,AZTECA
1183,3203900010007,R÷O GRANDE,R÷O GRANDE,BUENOS AIRES
1184,3203900010008,R÷O GRANDE,R÷O GRANDE,CTM
1185,3203900010009,R÷O GRANDE,R÷O GRANDE,CENTRO
1186,3203900010010,R÷O GRANDE,R÷O GRANDE,COLONOS URBANOS
1187,3203900010011,R÷O GRANDE,R÷O GRANDE,DE SAN LORENZO
1188,3203900010012,R÷O GRANDE,R÷O GRANDE,DEL NORTE
1189,3203900010013,R÷O GRANDE,R÷O GRANDE,EL MIRADOR
1190,3203900010014,R÷O GRANDE,R÷O GRANDE,FLORES MAG‡N
1191,3203900010015,R÷O GRANDE,R÷O GRANDE,HALCONES
1192,3203900010016,R÷O GRANDE,R÷O GRANDE,IGNACIO ALLENDE (SANTA TERESA)
1193,3203900010017,R÷O GRANDE,R÷O GRANDE,IMPERIO AZTECA
1194,3203900010018,R÷O GRANDE,R÷O GRANDE,JARDINES DEL R÷O
1195,3203900010019,R÷O GRANDE,R÷O GRANDE,LA CUESTA
1196,3203900010020,R÷O GRANDE,R÷O GRANDE,LA LUZ
1197,3203900010021,R÷O GRANDE,R÷O GRANDE,LLANEROS
1198,3203900010022,R÷O GRANDE,R÷O GRANDE,LOMAS DEL SOL
1199,3203900010023,R÷O GRANDE,R÷O GRANDE,L‡PEZ MATEOS
1200,3203900010024,R÷O GRANDE,R÷O GRANDE,SAN JOAQU÷N
1201,3203900010025,R÷O GRANDE,R÷O GRANDE,TEPEYAC
1202,3203900010026,R÷O GRANDE,R÷O GRANDE,VICENTE GUERRERO
1203,3203900010027,R÷O GRANDE,R÷O GRANDE,VISTA HERMOSA
1204,3203900010028,R÷O GRANDE,R÷O GRANDE,DE LA VIVIENDA RURAL
1205,3203900010029,R÷O GRANDE,R÷O GRANDE,CENTRAL CAMPESINA INDEPENDIENTE
1206,3203900010030,R÷O GRANDE,R÷O GRANDE,DEL CEBETA
1207,3203900010031,R÷O GRANDE,R÷O GRANDE,EL BAJ÷O
1208,3203900010032,R÷O GRANDE,R÷O GRANDE,EL MEZQUITAL
1209,3203900010033,R÷O GRANDE,R÷O GRANDE,ESTRELLA
1210,3203900010034,R÷O GRANDE,R÷O GRANDE,LA HACIENDA
1211,3203900010035,R÷O GRANDE,R÷O GRANDE,LA VICTORIA
1212,3203900010036,R÷O GRANDE,R÷O GRANDE,LOS µLAMOS
1213,3203900010037,R÷O GRANDE,R÷O GRANDE,LOS DURAZNOS
1214,3203900010038,R÷O GRANDE,R÷O GRANDE,LUIS DONALDO COLOSIO
1215,3203900010039,R÷O GRANDE,R÷O GRANDE,RUIZ CORT÷NEZ
1216,3203900010040,R÷O GRANDE,R÷O GRANDE,SUTSEMOP
1217,3203900010041,R÷O GRANDE,R÷O GRANDE,TRINIDAD
1218,3203900010042,R÷O GRANDE,R÷O GRANDE,VILLA PALOMA
1219,3203900010043,R÷O GRANDE,R÷O GRANDE,NINGUNO
1220,3203900010046,R÷O GRANDE,R÷O GRANDE,DEPORTIVA
1221,3203900010047,R÷O GRANDE,R÷O GRANDE,NINGUNO
1222,3203900200001,R÷O GRANDE,R÷O GRANDE,LORETO
1223,3203900200002,R÷O GRANDE,R÷O GRANDE,SAN JUAN
1224,3204000010000,SAIN ALTO,SAIN ALTO,VARIAS
1225,3204000010001,SAIN ALTO,SAIN ALTO,ACEQUIA GRANDE
1226,3204000010002,SAIN ALTO,SAIN ALTO,CERRO DE SAN ANTONIO
1227,3204000010004,SAIN ALTO,SAIN ALTO,DEL MORO
1228,3204000010005,SAIN ALTO,SAIN ALTO,EL RINC‡N DEL OSO
1229,3204000010006,SAIN ALTO,SAIN ALTO,EL TRIQUE
1230,3204000010007,SAIN ALTO,SAIN ALTO,LA BOQUILLA
1231,3204000010008,SAIN ALTO,SAIN ALTO,LA TINAJA
1232,3204000010010,SAIN ALTO,SAIN ALTO,LAS PILAS
1233,3204000010011,SAIN ALTO,SAIN ALTO,LOS COLORADOS
1234,3204000010012,SAIN ALTO,SAIN ALTO,LOS TANQUES
1235,3204000010013,SAIN ALTO,SAIN ALTO,NUEVO
1236,3204000010014,SAIN ALTO,SAIN ALTO,OJOCALIENTE
1237,3204000010016,SAIN ALTO,SAIN ALTO,EL PRADO DE LAS DELICIAS
1238,3204000010017,SAIN ALTO,SAIN ALTO,LA CRUZ VERDE
1239,3204000010018,SAIN ALTO,SAIN ALTO,LAS HACIENDAS
1240,3204000010019,SAIN ALTO,SAIN ALTO,LAS LETRAS
1241,3204000010020,SAIN ALTO,SAIN ALTO,ZONA CENTRO
1242,3204000010021,SAIN ALTO,SAIN ALTO,APOSENTILLO
1243,3204000010022,SAIN ALTO,SAIN ALTO,LAS PE•AS
1244,3204000010023,SAIN ALTO,SAIN ALTO,VECINOS DE ZACATECAS
1245,3204100010000,EL SALVADOR,EL SALVADOR,VARIAS
1246,3204100010001,EL SALVADOR,EL SALVADOR,EL SALVADOR
1247,3204200010000,SOMBRERETE,SOMBRERETE,VARIAS
1248,3204200010001,SOMBRERETE,SOMBRERETE,AMPLIACI‡N L‡PEZ MATEOS
1249,3204200010002,SOMBRERETE,SOMBRERETE,EL ARTEZ‡N
1250,3204200010003,SOMBRERETE,SOMBRERETE,LA BLANCA
1251,3204200010004,SOMBRERETE,SOMBRERETE,LAS BODEGAS
1252,3204200010005,SOMBRERETE,SOMBRERETE,LA CARIDAD
1253,3204200010006,SOMBRERETE,SOMBRERETE,CENTRO
1254,3204200010007,SOMBRERETE,SOMBRERETE,CERRITO DE GUADALUPE
1255,3204200010008,SOMBRERETE,SOMBRERETE,EL CHAHUITA
1256,3204200010009,SOMBRERETE,SOMBRERETE,LA CUEVA
1257,3204200010010,SOMBRERETE,SOMBRERETE,DE LA CANDELARIA
1258,3204200010011,SOMBRERETE,SOMBRERETE,DE LOS MÈSICOS
1259,3204200010012,SOMBRERETE,SOMBRERETE,DEL ORO
1260,3204200010013,SOMBRERETE,SOMBRERETE,DEL PE•ASCO
1261,3204200010014,SOMBRERETE,SOMBRERETE,DIVISI‡N DEL NORTE
1262,3204200010015,SOMBRERETE,SOMBRERETE,LAS ESCOBILLAS
1263,3204200010016,SOMBRERETE,SOMBRERETE,LAS FLORES
1264,3204200010017,SOMBRERETE,SOMBRERETE,FOVISSSTE
1265,3204200010018,SOMBRERETE,SOMBRERETE,LA HUERTA
1266,3204200010019,SOMBRERETE,SOMBRERETE,HUERTAS DE LOS SANTOS NI•OS
1267,3204200010020,SOMBRERETE,SOMBRERETE,HUERTAS GRANDES
1268,3204200010021,SOMBRERETE,SOMBRERETE,LAS HUERTAS
1269,3204200010022,SOMBRERETE,SOMBRERETE,INDUSTRIAL
1270,3204200010023,SOMBRERETE,SOMBRERETE,INFONAVIT
1271,3204200010024,SOMBRERETE,SOMBRERETE,LA LOMA COLORADA
1272,3204200010025,SOMBRERETE,SOMBRERETE,LOMAS DEL CONSUELO
1273,3204200010026,SOMBRERETE,SOMBRERETE,L‡PEZ MATEOS
1274,3204200010027,SOMBRERETE,SOMBRERETE,LUIS DONALDO COLOSIO
1275,3204200010028,SOMBRERETE,SOMBRERETE,LA PERLA
1276,3204200010029,SOMBRERETE,SOMBRERETE,LA PILA
1277,3204200010030,SOMBRERETE,SOMBRERETE,LAS PLAYAS
1278,3204200010032,SOMBRERETE,SOMBRERETE,REAL BASTIDAS
1279,3204200010033,SOMBRERETE,SOMBRERETE,SAN PEDRO
1280,3204200010034,SOMBRERETE,SOMBRERETE,SAN PEDRO
1281,3204200010035,SOMBRERETE,SOMBRERETE,SANTA ROSA
1282,3204200010036,SOMBRERETE,SOMBRERETE,LA SANTIAGA
1283,3204200010037,SOMBRERETE,SOMBRERETE,SANTO DOMINGO
1284,3204200010038,SOMBRERETE,SOMBRERETE,LA SOLEDAD
1285,3204200010039,SOMBRERETE,SOMBRERETE,SOMBRERETILLO
1286,3204200010040,SOMBRERETE,SOMBRERETE,LA URBANEJA
1287,3204200010041,SOMBRERETE,SOMBRERETE,COLINAS DEL MINERAL
1288,3204200010042,SOMBRERETE,SOMBRERETE,DEL VALLE
1289,3204200010043,SOMBRERETE,SOMBRERETE,LA CUESTA
1290,3204200010044,SOMBRERETE,SOMBRERETE,LA PRADERA
1291,3204200010045,SOMBRERETE,SOMBRERETE,MAGISTERIAL I
1292,3204200010046,SOMBRERETE,SOMBRERETE,MAGISTERIAL II
1293,3204200420002,SOMBRERETE,SOMBRERETE,NUEVA
1294,3204200420003,SOMBRERETE,SOMBRERETE,SECTOR 1 (DEL PUJIDO)
1295,3204200420004,SOMBRERETE,SOMBRERETE,SECTOR 2
1296,3204200420005,SOMBRERETE,SOMBRERETE,SECTOR 3 (DE LAS HILACHAS)
1297,3204200420006,SOMBRERETE,SOMBRERETE,SECTOR 4 (DE LAS RATAS)
1298,3204200420007,SOMBRERETE,SOMBRERETE,NINGUNO
1299,3204201760002,SOMBRERETE,SOMBRERETE,FERNANDEZ CARRILLO
1300,3204201760003,SOMBRERETE,SOMBRERETE,FRANCISCO R. MURGU÷A
1301,3204201760004,SOMBRERETE,SOMBRERETE,MILPILLAS
1302,3204300010000,SUSTICACµN,SUSTICACµN,VARIAS
1303,3204300010002,SUSTICACµN,SUSTICACµN,DE ABAJO
1304,3204300010003,SUSTICACµN,SUSTICACµN,DE ARRIBA
1305,3204300010004,SUSTICACµN,SUSTICACµN,LOMA BLANCA
1306,3204300010005,SUSTICACµN,SUSTICACµN,DE LA PALMA
1307,3204400010000,TABASCO,TABASCO,VARIAS
1308,3204400010001,TABASCO,TABASCO,LA CAPILLA
1309,3204400010002,TABASCO,TABASCO,SAN JOSê
1310,3204400010003,TABASCO,TABASCO,SAN NICOLµS
1311,3204400010004,TABASCO,TABASCO,BALCONCITOS
1312,3204400010005,TABASCO,TABASCO,BENITO JUµREZ
1313,3204400010006,TABASCO,TABASCO,CENTRO
1314,3204400010007,TABASCO,TABASCO,EL MIRADOR
1315,3204400010008,TABASCO,TABASCO,EL REFUGIO
1316,3204400010009,TABASCO,TABASCO,LINDA VISTA
1317,3204400010010,TABASCO,TABASCO,MAGISTERIAL
1318,3204400010011,TABASCO,TABASCO,SECUNDARIA
1319,3204400010012,TABASCO,TABASCO,ARBOLEDAS I Y II
1320,3204400010013,TABASCO,TABASCO,DEL PARQUE
1321,3204400010014,TABASCO,TABASCO,FELIPE DEL REAL I Y II
1322,3204400010015,TABASCO,TABASCO,LA MESITA
1323,3204400010016,TABASCO,TABASCO,LOMAS DE SOLIDARIDAD
1324,3204400010017,TABASCO,TABASCO,MONASTERIO
1325,3204400010018,TABASCO,TABASCO,LA TEZONTLA
1326,3204400010020,TABASCO,TABASCO,NINGUNO
1327,3204500010000,TEPECHITLµN,TEPECHITLµN,VARIAS
1328,3204500010001,TEPECHITLµN,TEPECHITLµN,CHICAGO
1329,3204500010002,TEPECHITLµN,TEPECHITLµN,LA CUMBRITA
1330,3204500010003,TEPECHITLµN,TEPECHITLµN,DEL MARIACHI
1331,3204500010004,TEPECHITLµN,TEPECHITLµN,TEPECHITLµN
1332,3204600010000,TEPETONGO,TEPETONGO,VARIAS
1333,3204600010001,TEPETONGO,TEPETONGO,20 DE NOVIEMBRE
1334,3204600010002,TEPETONGO,TEPETONGO,AMêRICA
1335,3204600010003,TEPETONGO,TEPETONGO,CANTERA
1336,3204600010004,TEPETONGO,TEPETONGO,CENTRO
1337,3204600010005,TEPETONGO,TEPETONGO,CHIHUAHUA
1338,3204600010006,TEPETONGO,TEPETONGO,COYOTES
1339,3204600010007,TEPETONGO,TEPETONGO,LAS CUMBRES
1340,3204600010008,TEPETONGO,TEPETONGO,INDEPENDENCIA
1341,3204600010009,TEPETONGO,TEPETONGO,NINGUNO
1342,3204600010010,TEPETONGO,TEPETONGO,NINGUNO
1343,3204600010011,TEPETONGO,TEPETONGO,NINGUNO
1344,3204600010012,TEPETONGO,TEPETONGO,NINGUNO
1345,3204600010013,TEPETONGO,TEPETONGO,SOLIDARIDAD
1346,3204600010014,TEPETONGO,TEPETONGO,UNIDAD DEPORTIVA
1347,3204700010000,TEÈL DE GONZµLEZ ORTEGA,TEÈL DE GONZµLEZ ORTEGA,VARIAS
1348,3204700010001,TEÈL DE GONZµLEZ ORTEGA,TEÈL DE GONZµLEZ ORTEGA,CENTRO
1349,3204700010002,TEÈL DE GONZµLEZ ORTEGA,TEÈL DE GONZµLEZ ORTEGA,AGAVE
1350,3204700010003,TEÈL DE GONZµLEZ ORTEGA,TEÈL DE GONZµLEZ ORTEGA,EL SALTITO
1351,3204700010004,TEÈL DE GONZµLEZ ORTEGA,TEÈL DE GONZµLEZ ORTEGA,TEULITO
1352,3204700010005,TEÈL DE GONZµLEZ ORTEGA,TEÈL DE GONZµLEZ ORTEGA,VALLE VERDE
1353,3204800010000,TLALTENANGO DE SµNCHEZ ROMµN,TLALTENANGO DE SµNCHEZ ROMµN,VARIAS
1354,3204800010001,TLALTENANGO DE SµNCHEZ ROMµN,TLALTENANGO DE SµNCHEZ ROMµN,GOTERAS II
1355,3204800010002,TLALTENANGO DE SµNCHEZ ROMµN,TLALTENANGO DE SµNCHEZ ROMµN,ALTO
1356,3204800010003,TLALTENANGO DE SµNCHEZ ROMµN,TLALTENANGO DE SµNCHEZ ROMµN,BRISAS DEL R÷O
1357,3204800010004,TLALTENANGO DE SµNCHEZ ROMµN,TLALTENANGO DE SµNCHEZ ROMµN,ZONA CENTRO
1358,3204800010006,TLALTENANGO DE SµNCHEZ ROMµN,TLALTENANGO DE SµNCHEZ ROMµN,LAS CONCHAS
1359,3204800010007,TLALTENANGO DE SµNCHEZ ROMµN,TLALTENANGO DE SµNCHEZ ROMµN,LA HACIENDITA
1360,3204800010009,TLALTENANGO DE SµNCHEZ ROMµN,TLALTENANGO DE SµNCHEZ ROMµN,DON QUIJOTE
1361,3204800010011,TLALTENANGO DE SµNCHEZ ROMµN,TLALTENANGO DE SµNCHEZ ROMµN,GOTERAS I
1362,3204800010012,TLALTENANGO DE SµNCHEZ ROMµN,TLALTENANGO DE SµNCHEZ ROMµN,HACIENDA REAL
1363,3204800010014,TLALTENANGO DE SµNCHEZ ROMµN,TLALTENANGO DE SµNCHEZ ROMµN,SAN FRANCISCO
1364,3204800010015,TLALTENANGO DE SµNCHEZ ROMµN,TLALTENANGO DE SµNCHEZ ROMµN,LAS LOMITAS
1365,3204800010016,TLALTENANGO DE SµNCHEZ ROMµN,TLALTENANGO DE SµNCHEZ ROMµN,MISI‡N DE SAN FRANCISCO
1366,3204800010017,TLALTENANGO DE SµNCHEZ ROMµN,TLALTENANGO DE SµNCHEZ ROMµN,LAS MORITAS
1367,3204800010018,TLALTENANGO DE SµNCHEZ ROMµN,TLALTENANGO DE SµNCHEZ ROMµN,MORONES
1368,3204800010019,TLALTENANGO DE SµNCHEZ ROMµN,TLALTENANGO DE SµNCHEZ ROMµN,LA CORONA
1369,3204800010020,TLALTENANGO DE SµNCHEZ ROMµN,TLALTENANGO DE SµNCHEZ ROMµN,EL OBISPO
1370,3204800010021,TLALTENANGO DE SµNCHEZ ROMµN,TLALTENANGO DE SµNCHEZ ROMµN,INDEPENDENCIA
1371,3204800010024,TLALTENANGO DE SµNCHEZ ROMµN,TLALTENANGO DE SµNCHEZ ROMµN,SAN FELIPE
1372,3204800010026,TLALTENANGO DE SµNCHEZ ROMµN,TLALTENANGO DE SµNCHEZ ROMµN,SAN JOSê
1373,3204800010028,TLALTENANGO DE SµNCHEZ ROMµN,TLALTENANGO DE SµNCHEZ ROMµN,SAN PASCUAL
1374,3204800010029,TLALTENANGO DE SµNCHEZ ROMµN,TLALTENANGO DE SµNCHEZ ROMµN,SAUCES
1375,3204800010030,TLALTENANGO DE SµNCHEZ ROMµN,TLALTENANGO DE SµNCHEZ ROMµN,TABACHINES
1376,3204800010031,TLALTENANGO DE SµNCHEZ ROMµN,TLALTENANGO DE SµNCHEZ ROMµN,VALLE VERDE
1377,3204800010033,TLALTENANGO DE SµNCHEZ ROMµN,TLALTENANGO DE SµNCHEZ ROMµN,VERACRUZ
1378,3204800010034,TLALTENANGO DE SµNCHEZ ROMµN,TLALTENANGO DE SµNCHEZ ROMµN,VISTA HERMOSA
1379,3204800010035,TLALTENANGO DE SµNCHEZ ROMµN,TLALTENANGO DE SµNCHEZ ROMµN,ARBOLEDAS
1380,3204800010036,TLALTENANGO DE SµNCHEZ ROMµN,TLALTENANGO DE SµNCHEZ ROMµN,BUENA VISTA
1381,3204800010037,TLALTENANGO DE SµNCHEZ ROMµN,TLALTENANGO DE SµNCHEZ ROMµN,COLONIAS NUEVAS
1382,3204800010038,TLALTENANGO DE SµNCHEZ ROMµN,TLALTENANGO DE SµNCHEZ ROMµN,LOMAS DEL COUTRY
1383,3204800010039,TLALTENANGO DE SµNCHEZ ROMµN,TLALTENANGO DE SµNCHEZ ROMµN,LA MORITA
1384,3204800010040,TLALTENANGO DE SµNCHEZ ROMµN,TLALTENANGO DE SµNCHEZ ROMµN,EL REFUGIO
1385,3204800010041,TLALTENANGO DE SµNCHEZ ROMµN,TLALTENANGO DE SµNCHEZ ROMµN,SANTA CRUZ
1386,3204800010042,TLALTENANGO DE SµNCHEZ ROMµN,TLALTENANGO DE SµNCHEZ ROMµN,NINGUNO
1387,3204800010043,TLALTENANGO DE SµNCHEZ ROMµN,TLALTENANGO DE SµNCHEZ ROMµN,EL TECOLOTE
1388,3204800010044,TLALTENANGO DE SµNCHEZ ROMµN,TLALTENANGO DE SµNCHEZ ROMµN,ZONA MILITAR
1389,3204900010000,VALPARA÷SO,VALPARA÷SO,VARIAS
1390,3204900010001,VALPARA÷SO,VALPARA÷SO,AMECA
1391,3204900010002,VALPARA÷SO,VALPARA÷SO,ARROYO DE ATOTONILCO
1392,3204900010003,VALPARA÷SO,VALPARA÷SO,DE GUANAJUATO
1393,3204900010004,VALPARA÷SO,VALPARA÷SO,DE LA ALAMEDA
1394,3204900010005,VALPARA÷SO,VALPARA÷SO,DE LA LENTEJITA
1395,3204900010006,VALPARA÷SO,VALPARA÷SO,DE LOS BARRIOS
1396,3204900010007,VALPARA÷SO,VALPARA÷SO,DEL PANALITO
1397,3204900010008,VALPARA÷SO,VALPARA÷SO,DEL REFUGIO
1398,3204900010009,VALPARA÷SO,VALPARA÷SO,CLUB CAMPESTRE
1399,3204900010010,VALPARA÷SO,VALPARA÷SO,AGUA FR÷A
1400,3204900010011,VALPARA÷SO,VALPARA÷SO,ARROYO DEL GACHUP÷N
1401,3204900010012,VALPARA÷SO,VALPARA÷SO,BUENA VISTA
1402,3204900010013,VALPARA÷SO,VALPARA÷SO,CENTRO
1403,3204900010014,VALPARA÷SO,VALPARA÷SO,DEPORTIVA
1404,3204900010015,VALPARA÷SO,VALPARA÷SO,EL LAGO
1405,3204900010016,VALPARA÷SO,VALPARA÷SO,EMILIANO ZAPATA
1406,3204900010017,VALPARA÷SO,VALPARA÷SO,FRANCISCO I. MADERO
1407,3204900010018,VALPARA÷SO,VALPARA÷SO,LA JOYITA
1408,3204900010020,VALPARA÷SO,VALPARA÷SO,LA TOMA
1409,3204900010021,VALPARA÷SO,VALPARA÷SO,LA VI•A
1410,3204900010022,VALPARA÷SO,VALPARA÷SO,LAS AMêRICAS
1411,3204900010023,VALPARA÷SO,VALPARA÷SO,LAS ROSAS
1412,3204900010024,VALPARA÷SO,VALPARA÷SO,LOS ARCOS
1413,3204900010025,VALPARA÷SO,VALPARA÷SO,MêXICO
1414,3204900010026,VALPARA÷SO,VALPARA÷SO,SANTA RITA
1415,3204900010027,VALPARA÷SO,VALPARA÷SO,SIM‡N BOL÷VAR
1416,3204900010028,VALPARA÷SO,VALPARA÷SO,UNIDAD DEPORTIVA
1417,3204900010029,VALPARA÷SO,VALPARA÷SO,ATOTONILCO
1418,3204900010030,VALPARA÷SO,VALPARA÷SO,ENRIQUE ESTRADA
1419,3204900010031,VALPARA÷SO,VALPARA÷SO,LA LAGUNILLA
1420,3204900010032,VALPARA÷SO,VALPARA÷SO,LOMAS DEL PARA÷SO
1421,3204900010033,VALPARA÷SO,VALPARA÷SO,LOMAS DEL VALLE
1422,3204900010034,VALPARA÷SO,VALPARA÷SO,L‡PEZ VELARDE
1423,3204900010035,VALPARA÷SO,VALPARA÷SO,MAGISTERIAL
1424,3204900010036,VALPARA÷SO,VALPARA÷SO,MAGISTERIAL SIERRA DORADA
1425,3204900010037,VALPARA÷SO,VALPARA÷SO,MAURO TALAMANTES
1426,3204900010038,VALPARA÷SO,VALPARA÷SO,MONTE REAL
1427,3204900010039,VALPARA÷SO,VALPARA÷SO,SANTA RITA
1428,3204900010040,VALPARA÷SO,VALPARA÷SO,SANTO DOMINGO
1429,3204900010041,VALPARA÷SO,VALPARA÷SO,RANCHITO DE LA CRUZ
1430,3204900010042,VALPARA÷SO,VALPARA÷SO,NINGUNO
1431,3204900010043,VALPARA÷SO,VALPARA÷SO,NINGUNO
1432,3204900010044,VALPARA÷SO,VALPARA÷SO,NINGUNO
1433,3204900010045,VALPARA÷SO,VALPARA÷SO,FELIPE µNGELES
1434,3204900010047,VALPARA÷SO,VALPARA÷SO,NINGUNO
1435,3204900010048,VALPARA÷SO,VALPARA÷SO,NINGUNO
1436,3204900010050,VALPARA÷SO,VALPARA÷SO,NINGUNO
1437,3204900010051,VALPARA÷SO,VALPARA÷SO,NINGUNO
1438,3204900010052,VALPARA÷SO,VALPARA÷SO,CUMBRES DEL VALLE
1439,3204900010053,VALPARA÷SO,VALPARA÷SO,DEL EDêN
1440,3204900010054,VALPARA÷SO,VALPARA÷SO,LA ESPERANZA
1441,3204900010055,VALPARA÷SO,VALPARA÷SO,LOS GUERRERO
1442,3204900010056,VALPARA÷SO,VALPARA÷SO,LOS NOGALES
1443,3204900010057,VALPARA÷SO,VALPARA÷SO,EL PEDREGAL
1444,3204900010058,VALPARA÷SO,VALPARA÷SO,EL REFUGIO
1445,3204900010059,VALPARA÷SO,VALPARA÷SO,SAN JUAN DE LA TAPIA
1446,3204900010060,VALPARA÷SO,VALPARA÷SO,NINGUNO
1447,3204900010061,VALPARA÷SO,VALPARA÷SO,NINGUNO
1448,3204900010062,VALPARA÷SO,VALPARA÷SO,EL VALLECITO
1449,3204900010063,VALPARA÷SO,VALPARA÷SO,BELLAVISTA
1450,3204900010064,VALPARA÷SO,VALPARA÷SO,VILLA DE LA SIERRA
1451,3205000010000,VETAGRANDE,VETAGRANDE,VARIAS
1452,3205000010001,VETAGRANDE,VETAGRANDE,VETAGRANDE
1453,3205000110001,VETAGRANDE,VETAGRANDE,SAUCEDA DE LA BORDA
1454,3205100010000,VILLA DE COS,VILLA DE COS,VARIAS
1455,3205100010001,VILLA DE COS,VILLA DE COS,BA•ONCITO
1456,3205100010002,VILLA DE COS,VILLA DE COS,LAS CAGUAMAS
1457,3205100010003,VILLA DE COS,VILLA DE COS,CENTRO
1458,3205100010004,VILLA DE COS,VILLA DE COS,DEL PRI
1459,3205100010005,VILLA DE COS,VILLA DE COS,EL÷AS AMADOR
1460,3205100010006,VILLA DE COS,VILLA DE COS,MêXICO I SECCI‡N
1461,3205100010007,VILLA DE COS,VILLA DE COS,COPROVI I
1462,3205100010008,VILLA DE COS,VILLA DE COS,COPROVI II
1463,3205100010009,VILLA DE COS,VILLA DE COS,CUBA LIBRE
1464,3205100010010,VILLA DE COS,VILLA DE COS,LAS HACIENDAS
1465,3205100010011,VILLA DE COS,VILLA DE COS,VILLA JARD÷N
1466,3205100010012,VILLA DE COS,VILLA DE COS,SAN IGNACIO
1467,3205100010013,VILLA DE COS,VILLA DE COS,NINGUNO
1468,3205100010015,VILLA DE COS,VILLA DE COS,MêXICO II SECCI‡N
1469,3205100010016,VILLA DE COS,VILLA DE COS,MêXICO III SECCI‡N
1470,3205100080001,VILLA DE COS,VILLA DE COS,GONZµLEZ ORTEGA (BA•‡N)
1471,3205100240001,VILLA DE COS,VILLA DE COS,CHINO
1472,3205100240002,VILLA DE COS,VILLA DE COS,EL ARROYO
1473,3205100240003,VILLA DE COS,VILLA DE COS,EL BAJ÷O
1474,3205100240004,VILLA DE COS,VILLA DE COS,EL CELO
1475,3205100240005,VILLA DE COS,VILLA DE COS,EL JARD÷N
1476,3205100240006,VILLA DE COS,VILLA DE COS,LA ESCUELA
1477,3205100240007,VILLA DE COS,VILLA DE COS,LA LAGUNA
1478,3205100250002,VILLA DE COS,VILLA DE COS,DEL BAJ÷O
1479,3205100250003,VILLA DE COS,VILLA DE COS,EL CARRIL
1480,3205100250004,VILLA DE COS,VILLA DE COS,CENTRO
1481,3205100250005,VILLA DE COS,VILLA DE COS,DE LAS FLORES
1482,3205100250006,VILLA DE COS,VILLA DE COS,LA LAGUNITA
1483,3205100250007,VILLA DE COS,VILLA DE COS,LAS PALMAS
1484,3205200010000,VILLA GARC÷A,VILLA GARC÷A,VARIAS
1485,3205200010001,VILLA GARC÷A,VILLA GARC÷A,LA ALFALFA
1486,3205200010002,VILLA GARC÷A,VILLA GARC÷A,EL CALVARIO
1487,3205200010003,VILLA GARC÷A,VILLA GARC÷A,CENTRO
1488,3205200010004,VILLA GARC÷A,VILLA GARC÷A,COLOSIO
1489,3205200010005,VILLA GARC÷A,VILLA GARC÷A,DE LOS ARTESANOS
1490,3205200010006,VILLA GARC÷A,VILLA GARC÷A,DEL CUAQUITO
1491,3205200010007,VILLA GARC÷A,VILLA GARC÷A,VILLA DE LAS FLORES
1492,3205200010008,VILLA GARC÷A,VILLA GARC÷A,EL ARSENAL
1493,3205200010009,VILLA GARC÷A,VILLA GARC÷A,LOS HUESOS
1494,3205200010010,VILLA GARC÷A,VILLA GARC÷A,DE LA ROSA
1495,3205200010011,VILLA GARC÷A,VILLA GARC÷A,TEPEYAC
1496,3205300010000,VILLA GONZµLEZ ORTEGA,VILLA GONZµLEZ ORTEGA,VARIAS
1497,3205300010001,VILLA GONZµLEZ ORTEGA,VILLA GONZµLEZ ORTEGA,ALAMEDA
1498,3205300010002,VILLA GONZµLEZ ORTEGA,VILLA GONZµLEZ ORTEGA,CENTRO
1499,3205300010003,VILLA GONZµLEZ ORTEGA,VILLA GONZµLEZ ORTEGA,EL CALVARIO
1500,3205300010004,VILLA GONZµLEZ ORTEGA,VILLA GONZµLEZ ORTEGA,INDEPENDENCIA
1501,3205300010005,VILLA GONZµLEZ ORTEGA,VILLA GONZµLEZ ORTEGA,LABERINTO
1502,3205300010006,VILLA GONZµLEZ ORTEGA,VILLA GONZµLEZ ORTEGA,LIRAS I
1503,3205300010007,VILLA GONZµLEZ ORTEGA,VILLA GONZµLEZ ORTEGA,LIRAS II
1504,3205300010008,VILLA GONZµLEZ ORTEGA,VILLA GONZµLEZ ORTEGA,PLAZA
1505,3205300150001,VILLA GONZµLEZ ORTEGA,VILLA GONZµLEZ ORTEGA,ESTANCIA DE ANIMAS
1506,3205400010000,VILLA HIDALGO,VILLA HIDALGO,VARIAS
1507,3205400010001,VILLA HIDALGO,VILLA HIDALGO,SAN MANUEL
1508,3205500010000,VILLANUEVA,VILLANUEVA,VARIAS
1509,3205500010001,VILLANUEVA,VILLANUEVA,DE GUADALUPE
1510,3205500010002,VILLANUEVA,VILLANUEVA,DE LOS VARELA
1511,3205500010003,VILLANUEVA,VILLANUEVA,DEL RESCOLDILLO
1512,3205500010004,VILLANUEVA,VILLANUEVA,LA LOMA
1513,3205500010005,VILLANUEVA,VILLANUEVA,LOMA DE TLALPAN
1514,3205500010006,VILLANUEVA,VILLANUEVA,SANTA ANITA
1515,3205500010007,VILLANUEVA,VILLANUEVA,SANTA GERTRUDIS
1516,3205500010008,VILLANUEVA,VILLANUEVA,ARROYO DEL TIGRE
1517,3205500010009,VILLANUEVA,VILLANUEVA,BEISBOLERA
1518,3205500010010,VILLANUEVA,VILLANUEVA,CAMINERA
1519,3205500010011,VILLANUEVA,VILLANUEVA,CENTRO
1520,3205500010012,VILLANUEVA,VILLANUEVA,COLOSIO
1521,3205500010013,VILLANUEVA,VILLANUEVA,FLORES DEL PEDREGAL
1522,3205500010014,VILLANUEVA,VILLANUEVA,LAS µGUILAS
1523,3205500010015,VILLANUEVA,VILLANUEVA,LINDA VISTA
1524,3205500010016,VILLANUEVA,VILLANUEVA,LOMA DORADA
1525,3205500010017,VILLANUEVA,VILLANUEVA,LOS CONDES
1526,3205500010018,VILLANUEVA,VILLANUEVA,MAGISTERIAL 1
1527,3205500010019,VILLANUEVA,VILLANUEVA,MAGISTERIAL 2
1528,3205500010020,VILLANUEVA,VILLANUEVA,NUEVA
1529,3205500010021,VILLANUEVA,VILLANUEVA,PAMANES ESCOBEDO
1530,3205500010022,VILLANUEVA,VILLANUEVA,SANTA CRUZ
1531,3205500010023,VILLANUEVA,VILLANUEVA,SIERRA NEVADA
1532,3205500010024,VILLANUEVA,VILLANUEVA,ARBOLEDAS
1533,3205500010025,VILLANUEVA,VILLANUEVA,LOMAS VERDES
1534,3205500010026,VILLANUEVA,VILLANUEVA,LOS GERANIOS
1535,3205500010027,VILLANUEVA,VILLANUEVA,MAGISTERIAL
1536,3205500010028,VILLANUEVA,VILLANUEVA,ZACATECANOS
1537,3205500010029,VILLANUEVA,VILLANUEVA,TADEO
1538,3205500010030,VILLANUEVA,VILLANUEVA,LAS FLORES
1539,3205500010031,VILLANUEVA,VILLANUEVA,NINGUNO
1540,3205500420001,VILLANUEVA,VILLANUEVA,DEL CHORRO
1541,3205500420002,VILLANUEVA,VILLANUEVA,DE LA CRUZ
1542,3205500420003,VILLANUEVA,VILLANUEVA,DEL REBOTE
1543,3205500420004,VILLANUEVA,VILLANUEVA,DEL REFUGIO
1544,3205500420005,VILLANUEVA,VILLANUEVA,DE SAN ANTONIO
1545,3205500420006,VILLANUEVA,VILLANUEVA,NINGUNO
1546,3205500420007,VILLANUEVA,VILLANUEVA,ZONA CENTRO
1547,3205600010000,ZACATECAS,ZACATECAS,VARIAS
1548,3205600010001,ZACATECAS,ZACATECAS,21 DE JULIO
1549,3205600010002,ZACATECAS,ZACATECAS,MECµNICOS II
1550,3205600010003,ZACATECAS,ZACATECAS,5 SE•ORES
1551,3205600010004,ZACATECAS,ZACATECAS,AGRON‡MICA
1552,3205600010005,ZACATECAS,ZACATECAS,AGRON‡MICA II
1553,3205600010006,ZACATECAS,ZACATECAS,ALMA OBRERA
1554,3205600010008,ZACATECAS,ZACATECAS,LAS AMêRICAS
1555,3205600010009,ZACATECAS,ZACATECAS,ARTURO ROMO MAC÷AS
1556,3205600010010,ZACATECAS,ZACATECAS,BANCOMER
1557,3205600010011,ZACATECAS,ZACATECAS,BELLAVISTA
1558,3205600010012,ZACATECAS,ZACATECAS,BENITO JUµREZ
1559,3205600010013,ZACATECAS,ZACATECAS,RESIDENCIAL BOULEVARES
1560,3205600010014,ZACATECAS,ZACATECAS,BUENAVISTA
1561,3205600010016,ZACATECAS,ZACATECAS,BUENOS AIRES
1562,3205600010017,ZACATECAS,ZACATECAS,CAMINERA
1563,3205600010018,ZACATECAS,ZACATECAS,CAMINO REAL
1564,3205600010021,ZACATECAS,ZACATECAS,CNOP
1565,3205600010022,ZACATECAS,ZACATECAS,LAS COLINAS
1566,3205600010023,ZACATECAS,ZACATECAS,COLONIAL ZACATECAS
1567,3205600010024,ZACATECAS,ZACATECAS,CONSTELACI‡N
1568,3205600010025,ZACATECAS,ZACATECAS,CTM
1569,3205600010026,ZACATECAS,ZACATECAS,LAS CUMBRES
1570,3205600010027,ZACATECAS,ZACATECAS,D÷AZ ORDAZ PRIMERA SECCI‡N
1571,3205600010028,ZACATECAS,ZACATECAS,D÷AZ ORDAZ SEGUNDA SECCI‡N
1572,3205600010029,ZACATECAS,ZACATECAS,D÷AZ ORDAZ TERCERA SECCI‡N
1573,3205600010030,ZACATECAS,ZACATECAS,BOSQUES DE LA ENCANTADA
1574,3205600010032,ZACATECAS,ZACATECAS,ESTRELLA DE ORO
1575,3205600010033,ZACATECAS,ZACATECAS,EUROPA
1576,3205600010034,ZACATECAS,ZACATECAS,FRANCISCO E. GARC÷A
1577,3205600010035,ZACATECAS,ZACATECAS,FELIPE µNGELES
1578,3205600010036,ZACATECAS,ZACATECAS,FLORES MAG‡N
1579,3205600010037,ZACATECAS,ZACATECAS,FOVISSSTE
1580,3205600010038,ZACATECAS,ZACATECAS,FRENTE POPULAR
1581,3205600010039,ZACATECAS,ZACATECAS,ISSSTEZAC II
1582,3205600010040,ZACATECAS,ZACATECAS,FRANCISCO GARC÷A SALINAS
1583,3205600010041,ZACATECAS,ZACATECAS,J. JESÈS GONZµLEZ ORTEGA
1584,3205600010042,ZACATECAS,ZACATECAS,H. AYUNTAMIENTO
1585,3205600010043,ZACATECAS,ZACATECAS,LAS HACIENDAS
1586,3205600010044,ZACATECAS,ZACATECAS,LA HERRADURA
1587,3205600010045,ZACATECAS,ZACATECAS,HIDRµULICA
1588,3205600010046,ZACATECAS,ZACATECAS,LAS FLORES
1589,3205600010047,ZACATECAS,ZACATECAS,INSTALACIONES DE LA FERIA
1590,3205600010049,ZACATECAS,ZACATECAS,MAGISTERIAL JARDINES DEL SOL
1591,3205600010051,ZACATECAS,ZACATECAS,LµZARO CµRDENAS
1592,3205600010053,ZACATECAS,ZACATECAS,LA LOMA
1593,3205600010054,ZACATECAS,ZACATECAS,LOMAS DE LA PIMIENTA
1594,3205600010055,ZACATECAS,ZACATECAS,LOMAS DE LA SOLEDAD
1595,3205600010058,ZACATECAS,ZACATECAS,LOMAS DE SAN FRANCISCO
1596,3205600010059,ZACATECAS,ZACATECAS,LOMAS DEL BOSQUE
1597,3205600010060,ZACATECAS,ZACATECAS,LOMAS DEL CAMPESTRE
1598,3205600010061,ZACATECAS,ZACATECAS,LOMAS DEL CAPUL÷N
1599,3205600010062,ZACATECAS,ZACATECAS,LOMAS DE LAGO
1600,3205600010063,ZACATECAS,ZACATECAS,LOMAS DEL PATROCINIO
1601,3205600010065,ZACATECAS,ZACATECAS,LUIS DONALDO COLOSIO
1602,3205600010066,ZACATECAS,ZACATECAS,LAS MARGARITAS
1603,3205600010067,ZACATECAS,ZACATECAS,MARIANITA
1604,3205600010068,ZACATECAS,ZACATECAS,MECµNICOS
1605,3205600010069,ZACATECAS,ZACATECAS,MêDICOS VETERINARIOS
1606,3205600010070,ZACATECAS,ZACATECAS,MERCEDES
1607,3205600010071,ZACATECAS,ZACATECAS,MEXICAPAN
1608,3205600010072,ZACATECAS,ZACATECAS,MILITAR
1609,3205600010073,ZACATECAS,ZACATECAS,MINERA
1610,3205600010074,ZACATECAS,ZACATECAS,EL MIRADOR
1611,3205600010075,ZACATECAS,ZACATECAS,MORADORES
1612,3205600010076,ZACATECAS,ZACATECAS,DE LOS OLIVOS
1613,3205600010077,ZACATECAS,ZACATECAS,EL ORITO I SECCI‡N
1614,3205600010078,ZACATECAS,ZACATECAS,COMUNIDAD EL ORITO
1615,3205600010080,ZACATECAS,ZACATECAS,LAS PALMAS
1616,3205600010081,ZACATECAS,ZACATECAS,PAMANES ESCOBEDO
1617,3205600010082,ZACATECAS,ZACATECAS,GENERAL PµNFILO NATERA
1618,3205600010083,ZACATECAS,ZACATECAS,ARROYO DE LA PLATA
1619,3205600010084,ZACATECAS,ZACATECAS,PEDRO RUIZ GONZµLEZ
1620,3205600010085,ZACATECAS,ZACATECAS,PERIODISTAS
1621,3205600010086,ZACATECAS,ZACATECAS,LA PE•UELA
1622,3205600010087,ZACATECAS,ZACATECAS,DE LA PINTA
1623,3205600010088,ZACATECAS,ZACATECAS,PRIMAVERA
1624,3205600010089,ZACATECAS,ZACATECAS,LOS CALEROS
1625,3205600010090,ZACATECAS,ZACATECAS,PRIVADA LAS FUENTES
1626,3205600010091,ZACATECAS,ZACATECAS,PRIVADA DEL BOSQUE
1627,3205600010092,ZACATECAS,ZACATECAS,PRIVADA LA ENCANTADA
1628,3205600010093,ZACATECAS,ZACATECAS,PROGRESO
1629,3205600010094,ZACATECAS,ZACATECAS,RESIDENCIAL DEL VALLE
1630,3205600010097,ZACATECAS,ZACATECAS,BARRO SIERRA
1631,3205600010098,ZACATECAS,ZACATECAS,SAN FRANCISCO DE LOS HERRERA
1632,3205600010099,ZACATECAS,ZACATECAS,SIERRA DE µLICA
1633,3205600010100,ZACATECAS,ZACATECAS,RINCONADA DE LA ISABELICA
1634,3205600010101,ZACATECAS,ZACATECAS,SPAUAZ
1635,3205600010103,ZACATECAS,ZACATECAS,TECNOL‡GICA
1636,3205600010105,ZACATECAS,ZACATECAS,LA TOMA
1637,3205600010106,ZACATECAS,ZACATECAS,TRES CRUCES
1638,3205600010108,ZACATECAS,ZACATECAS,UNIVERSIDAD AUT‡NOMA DE ZACATECAS
1639,3205600010109,ZACATECAS,ZACATECAS,ÈRSULO GARC÷A
1640,3205600010110,ZACATECAS,ZACATECAS,DEL VERGEL
1641,3205600010111,ZACATECAS,ZACATECAS,VILLAS DEL SOL
1642,3205600010112,ZACATECAS,ZACATECAS,ZONA CENTRO
1643,3205600010113,ZACATECAS,ZACATECAS,MIGUEL HIDALGO I SECCI‡N
1644,3205600010114,ZACATECAS,ZACATECAS,SAN FRANCISCO DE LA MONTA•A
1645,3205600010116,ZACATECAS,ZACATECAS,LAS HUERTAS
1646,3205600010117,ZACATECAS,ZACATECAS,TAHONA
1647,3205600010119,ZACATECAS,ZACATECAS,CASA BLANCA
1648,3205600010121,ZACATECAS,ZACATECAS,COLINAS DEL PADRE PRIMERA SECCI‡N
1649,3205600010122,ZACATECAS,ZACATECAS,CONQUISTADORES
1650,3205600010123,ZACATECAS,ZACATECAS,LA FILARM‡NICA
1651,3205600010124,ZACATECAS,ZACATECAS,VILLA ANTIGUA
1652,3205600010125,ZACATECAS,ZACATECAS,INSURGENTES
1653,3205600010126,ZACATECAS,ZACATECAS,LA JOYA COLINAS SEGUNDA SECCI‡N
1654,3205600010127,ZACATECAS,ZACATECAS,JUANA GALLO
1655,3205600010129,ZACATECAS,ZACATECAS,LOMA DORADA
1656,3205600010130,ZACATECAS,ZACATECAS,LOMAS DEL CHAVE•O
1657,3205600010131,ZACATECAS,ZACATECAS,MECµNICOS II COPROVI
1658,3205600010132,ZACATECAS,ZACATECAS,EL ORITO
1659,3205600010133,ZACATECAS,ZACATECAS,LA CANTERA
1660,3205600010134,ZACATECAS,ZACATECAS,CARLOS HINOJOSA PETIT
1661,3205600010135,ZACATECAS,ZACATECAS,SANTOS BA•UELOS
1662,3205600010136,ZACATECAS,ZACATECAS,CIUDAD GOBIERNO
1663,3205600010137,ZACATECAS,ZACATECAS,NINGUNO (SOLARES URBANOS EJIDO EL ORITO)
1664,3205600010139,ZACATECAS,ZACATECAS,NINGUNO
1665,3205600010140,ZACATECAS,ZACATECAS,NINGUNO
1666,3205600010141,ZACATECAS,ZACATECAS,SUTSEMOP
1667,3205600010142,ZACATECAS,ZACATECAS,LOS TAXISTAS
1668,3205600010143,ZACATECAS,ZACATECAS,VILLA VERDE
1669,3205600010144,ZACATECAS,ZACATECAS,VILLAS DEL TEPOZµN
1670,3205600010145,ZACATECAS,ZACATECAS,LA ISABELICA
1671,3205600010146,ZACATECAS,ZACATECAS,FIL‡SOFOS III
1672,3205600010150,ZACATECAS,ZACATECAS,LOMAS DEL CRISTO
1673,3205600010154,ZACATECAS,ZACATECAS,DE LA PLATA
1674,3205600010157,ZACATECAS,ZACATECAS,SAN FERNANDO
1675,3205600010158,ZACATECAS,ZACATECAS,SIGLO XXI
1676,3205600010161,ZACATECAS,ZACATECAS,NINGUNO
1677,3205600010162,ZACATECAS,ZACATECAS,NINGUNO
1678,3205600010164,ZACATECAS,ZACATECAS,NINGUNO
1679,3205600010166,ZACATECAS,ZACATECAS,VILLAS DE FLORENCIA
1680,3205600010167,ZACATECAS,ZACATECAS,VILLAS DEL PADRE
1681,3205600010168,ZACATECAS,ZACATECAS,AMPLIACI‡N LAS AMêRICAS
1682,3205600010169,ZACATECAS,ZACATECAS,CENTRAL CAMIONERA
1683,3205600010170,ZACATECAS,ZACATECAS,COLINAS DEL PADRE SEGUNDA SECCI‡N
1684,3205600010171,ZACATECAS,ZACATECAS,COLINAS DEL PADRE TERCERA SECCI‡N
1685,3205600010172,ZACATECAS,ZACATECAS,COLINAS DEL PADRE CUARTA SECCI‡N
1686,3205600010173,ZACATECAS,ZACATECAS,COLINAS DEL PADRE CUARTA SECCI‡N SAN DESARROLLADORES
1687,3205600010174,ZACATECAS,ZACATECAS,EL JARALILLO III
1688,3205600010175,ZACATECAS,ZACATECAS,ELECTRICISTAS
1689,3205600010176,ZACATECAS,ZACATECAS,ESPA•A I
1690,3205600010177,ZACATECAS,ZACATECAS,FELIPE µNGELES ISSSTEZAC
1691,3205600010178,ZACATECAS,ZACATECAS,FIL‡SOFOS I
1692,3205600010179,ZACATECAS,ZACATECAS,PRIVADA DEL PADRE
1693,3205600010180,ZACATECAS,ZACATECAS,GONZµLEZ ORTEGA QUINTA SECCI‡N
1694,3205600010181,ZACATECAS,ZACATECAS,GRANJA ZACATLµN
1695,3205600010182,ZACATECAS,ZACATECAS,HêROES DE CHAPULTEPEC
1696,3205600010183,ZACATECAS,ZACATECAS,HUERTA VIEJA
1697,3205600010184,ZACATECAS,ZACATECAS,LA ESCONDIDA
1698,3205600010185,ZACATECAS,ZACATECAS,LA ESCONDIDA
1699,3205600010186,ZACATECAS,ZACATECAS,LAS FLORES
1700,3205600010187,ZACATECAS,ZACATECAS,LOMAS BIZANTINAS
1701,3205600010188,ZACATECAS,ZACATECAS,NUEVA GENERACI‡N
1702,3205600010189,ZACATECAS,ZACATECAS,PE•AS DE LA VIRGEN
1703,3205600010190,ZACATECAS,ZACATECAS,SUAVE PATRIA
1704,3205600010191,ZACATECAS,ZACATECAS,BOSQUES DE LAS CUMBRES
1705,3205600010192,ZACATECAS,ZACATECAS,COLINAS DEL PADRE QUINTA SECCI‡N
1706,3205600010193,ZACATECAS,ZACATECAS,COLINAS DEL SOL
1707,3205600010194,ZACATECAS,ZACATECAS,COLINAS DEL VERGEL PRIMERA SECCI‡N
1708,3205600010195,ZACATECAS,ZACATECAS,COLINAS DEL VERGEL SEGUNDA SECCI‡N
1709,3205600010196,ZACATECAS,ZACATECAS,COREA I
1710,3205600010197,ZACATECAS,ZACATECAS,COREA II
1711,3205600010198,ZACATECAS,ZACATECAS,EL JARALILLO I
1712,3205600010199,ZACATECAS,ZACATECAS,EL JARALILLO II
1713,3205600010200,ZACATECAS,ZACATECAS,EL PE•ASQUITO
1714,3205600010201,ZACATECAS,ZACATECAS,EL RANCHITO
1715,3205600010202,ZACATECAS,ZACATECAS,EMILIANO ZAPATA
1716,3205600010203,ZACATECAS,ZACATECAS,ESPA•A
1717,3205600010204,ZACATECAS,ZACATECAS,ESPA•A II
1718,3205600010205,ZACATECAS,ZACATECAS,ESPA•A III
1719,3205600010206,ZACATECAS,ZACATECAS,INSURGENTES
1720,3205600010207,ZACATECAS,ZACATECAS,ISSSTEZAC I
1721,3205600010208,ZACATECAS,ZACATECAS,ITALIA
1722,3205600010209,ZACATECAS,ZACATECAS,LAS PALMAS
1723,3205600010210,ZACATECAS,ZACATECAS,LOMA BARROCA
1724,3205600010211,ZACATECAS,ZACATECAS,L‡PEZ VELARDE
1725,3205600010212,ZACATECAS,ZACATECAS,MECµNICOS III
1726,3205600010213,ZACATECAS,ZACATECAS,MIGUEL HIDALGO II SECCI‡N
1727,3205600010214,ZACATECAS,ZACATECAS,MIGUEL HIDALGO III SECCI‡N
1728,3205600010215,ZACATECAS,ZACATECAS,MIGUEL HIDALGO IV
1729,3205600010216,ZACATECAS,ZACATECAS,NUEVA BOQUILLAS
1730,3205600010217,ZACATECAS,ZACATECAS,NUEVA ESPA•A
1731,3205600010218,ZACATECAS,ZACATECAS,PRIVADA ESMERALDA
1732,3205600010219,ZACATECAS,ZACATECAS,VILLAS UNIVERSIDAD
1733,3205700010000,TRANCOSO,TRANCOSO,VARIAS
1734,3205700010001,TRANCOSO,TRANCOSO,PRIMERA DEL RANCHO
1735,3205700010002,TRANCOSO,TRANCOSO,SEGUNDA DEL RANCHO
1736,3205700010003,TRANCOSO,TRANCOSO,CANTERA
1737,3205700010004,TRANCOSO,TRANCOSO,CORDEROS
1738,3205700010005,TRANCOSO,TRANCOSO,EL REFUGIO
1739,3205700010006,TRANCOSO,TRANCOSO,EL REFUGIO DE ARRIBA
1740,3205700010007,TRANCOSO,TRANCOSO,EMBARCACI‡N
1741,3205700010008,TRANCOSO,TRANCOSO,PANAL
1742,3205700010009,TRANCOSO,TRANCOSO,PLAZA
1743,3205700010010,TRANCOSO,TRANCOSO,PROVIDENCIA
1744,3205700010011,TRANCOSO,TRANCOSO,SAN ISIDRO
1745,3205700010012,TRANCOSO,TRANCOSO,TRANCOSITO
1746,3205800010000,SANTA MAR÷A DE LA PAZ,SANTA MAR÷A DE LA PAZ,VARIAS
1747,3205800010001,SANTA MAR÷A DE LA PAZ,SANTA MAR÷A DE LA PAZ,CENTRO
1748,3205800010002,SANTA MAR÷A DE LA PAZ,SANTA MAR÷A DE LA PAZ,CHARCO REDONDO
1749,3205800010003,SANTA MAR÷A DE LA PAZ,SANTA MAR÷A DE LA PAZ,LOS CHµVEZ
1750,3205800010004,SANTA MAR÷A DE LA PAZ,SANTA MAR÷A DE LA PAZ,LA CIêNEGA
1751,3205800010005,SANTA MAR÷A DE LA PAZ,SANTA MAR÷A DE LA PAZ,LA CRUZ
1752,3205800010006,SANTA MAR÷A DE LA PAZ,SANTA MAR÷A DE LA PAZ,DE MêXICO
1753,3205800010007,SANTA MAR÷A DE LA PAZ,SANTA MAR÷A DE LA PAZ,EL PICHIQUE
1754,3205800010008,SANTA MAR÷A DE LA PAZ,SANTA MAR÷A DE LA PAZ,EL ROSARIO (COPROVI)
