3200100010000,APOZOL,APOZOL,VARIAS
3200100010001,APOZOL,APOZOL,DE ABAJO
3200100010002,APOZOL,APOZOL,DEL CENTRO
3200100010003,APOZOL,APOZOL,MÉXICO
3200100010004,APOZOL,APOZOL,OJO DE AGUA
3200100010005,APOZOL,APOZOL,DE LA PRESA
3200100010006,APOZOL,APOZOL,RANCHO NUEVO
3200100010007,APOZOL,APOZOL,DE LA SANTA CRUZ
3200100010008,APOZOL,APOZOL,DE LOS VÁZQUEZ
3200200010000,APULCO,APULCO,VARIAS
3200200010002,APULCO,APULCO,LA VILLITA
3200200010003,APULCO,APULCO,ALTA VISTA
3200200010004,APULCO,APULCO,CENTRO
3200200010005,APULCO,APULCO,SAN AGUSTÍN
3200200010006,APULCO,APULCO,SAN MIGUEL
3200200010007,APULCO,APULCO,SAN SEBASTIÁN
3200200010008,APULCO,APULCO,SANTA TERESA
3200300010000,ATOLINGA,ATOLINGA,VARIAS
3200300010001,ATOLINGA,ATOLINGA,ATOLINGA
3200300010002,ATOLINGA,ATOLINGA,LOS PINOS
3200400010000,BENITO JUÁREZ,BENITO JUÁREZ,VARIAS
3200400010001,BENITO JUÁREZ,BENITO JUÁREZ,BENITO JUÁREZ
3200400010002,BENITO JUÁREZ,BENITO JUÁREZ,EL DURAZNO
3200500010000,CALERA,CALERA,VARIAS
3200500010001,CALERA,CALERA,ALBORADA
3200500010002,CALERA,CALERA,AMÉRICA
3200500010003,CALERA,CALERA,AMPLIACIÓN AMÉRICA
3200500010004,CALERA,CALERA,AÑO DE JUÁREZ
3200500010006,CALERA,CALERA,EL BOSQUE
3200500010007,CALERA,CALERA,LA CANTERA
3200500010008,CALERA,CALERA,ZONA CENTRO
3200500010009,CALERA,CALERA,CRUZ AZUL
3200500010010,CALERA,CALERA,DEL SOL
3200500010011,CALERA,CALERA,DON MATÍAS
3200500010012,CALERA,CALERA,LA DURAZNERA
3200500010013,CALERA,CALERA,ELÍAS GARCÍA
3200500010014,CALERA,CALERA,LA ESCUELITA
3200500010015,CALERA,CALERA,LA ESTACIÓN
3200500010016,CALERA,CALERA,FLORENCIA
3200500010020,CALERA,CALERA,LA HUERTA
3200500010022,CALERA,CALERA,REAL DE CALERA
3200500010023,CALERA,CALERA,JOSÉ MARÍA MORELOS
3200500010026,CALERA,CALERA,LINDAVISTA
3200500010027,CALERA,CALERA,LA LOMA
3200500010028,CALERA,CALERA,HERMANOS HERNÁNDEZ
3200500010030,CALERA,CALERA,MARAVILLAS
3200500010031,CALERA,CALERA,VÍCTOR ROSALES
3200500010032,CALERA,CALERA,LA NORIA
3200500010033,CALERA,CALERA,NUEVO CALERA
3200500010035,CALERA,CALERA,EL PEDREGAL
3200500010037,CALERA,CALERA,LAS FUENTES
3200500010040,CALERA,CALERA,EL PUEBLITO
3200500010041,CALERA,CALERA,RIAFA CARAZA
3200500010042,CALERA,CALERA,RICARDO MONREAL
3200500010043,CALERA,CALERA,SANTA LUCÍA
3200500010044,CALERA,CALERA,SATÉLITE
3200500010045,CALERA,CALERA,SOLIDARIDAD I
3200500010047,CALERA,CALERA,SUTSEMOP
3200500010049,CALERA,CALERA,NINGUNO
3200500010051,CALERA,CALERA,VILLA CALERA
3200500010052,CALERA,CALERA,CORTEZ
3200500010053,CALERA,CALERA,VILLARREAL
3200500010054,CALERA,CALERA,ALVARADO II SECCIÓN
3200500010055,CALERA,CALERA,AMPLIACIÓN DURAZNERA
3200500010056,CALERA,CALERA,AMPLIACIÓN FLORENCIA
3200500010057,CALERA,CALERA,AMPLIACIÓN SOLIDARIDAD
3200500010058,CALERA,CALERA,DEL CARMEN
3200500010059,CALERA,CALERA,CIPRESES
3200500010060,CALERA,CALERA,EL EDÉN
3200500010061,CALERA,CALERA,LA ESPERANZA
3200500010062,CALERA,CALERA,ESTEBAN CARRANZA
3200500010063,CALERA,CALERA,EXPLANADA DE LA FERIA
3200500010064,CALERA,CALERA,FUENTES DEL SOL
3200500010065,CALERA,CALERA,LA GRANJA
3200500010066,CALERA,CALERA,GUADALUPE
3200500010067,CALERA,CALERA,LAURA G. CALOCA
3200500010068,CALERA,CALERA,MA. TERESA DE JESÚS
3200500010069,CALERA,CALERA,EL MAGISTERIO
3200500010070,CALERA,CALERA,EL MAGUEY
3200500010071,CALERA,CALERA,EL PARAÍSO
3200500010072,CALERA,CALERA,PONIENTE
3200500010073,CALERA,CALERA,RANCHO VIEJO
3200500010074,CALERA,CALERA,RAÚL AGUILAR
3200500010075,CALERA,CALERA,SALVADOR RODARTE TORRES
3200500010076,CALERA,CALERA,SANTA MARÍA
3200500010077,CALERA,CALERA,NINGUNO
3200500010078,CALERA,CALERA,NINGUNO
3200500010079,CALERA,CALERA,NINGUNO
3200500010080,CALERA,CALERA,NINGUNO
3200500010081,CALERA,CALERA,NINGUNO
3200500010082,CALERA,CALERA,NINGUNO
3200500010083,CALERA,CALERA,NINGUNO
3200500010084,CALERA,CALERA,NINGUNO
3200500010085,CALERA,CALERA,NINGUNO
3200500010086,CALERA,CALERA,EL TANQUE
3200500010087,CALERA,CALERA,VILLA DEL SOL
3200500010088,CALERA,CALERA,VILLAS DEL VALLE
3200500220001,CALERA,CALERA,CENTRO
3200500220002,CALERA,CALERA,DE LOS DOWIS
3200500220003,CALERA,CALERA,DE LA LOMA
3200500220004,CALERA,CALERA,DE LA MANGA
3200500220005,CALERA,CALERA,DEL PANTEÓN
3200500220006,CALERA,CALERA,DE LA SANTA CRUZ
3200600010000,CAÑITAS DE FELIPE PESCADOR,CAÑITAS DE FELIPE PESCADOR,VARIAS
3200600010001,CAÑITAS DE FELIPE PESCADOR,CAÑITAS DE FELIPE PESCADOR,MAGISTERIAL
3200600010002,CAÑITAS DE FELIPE PESCADOR,CAÑITAS DE FELIPE PESCADOR,LOMA LINDA
3200600010003,CAÑITAS DE FELIPE PESCADOR,CAÑITAS DE FELIPE PESCADOR,EL BAJÍO
3200600010005,CAÑITAS DE FELIPE PESCADOR,CAÑITAS DE FELIPE PESCADOR,VIEJO
3200600010006,CAÑITAS DE FELIPE PESCADOR,CAÑITAS DE FELIPE PESCADOR,DE LOS AZULES
3200600010007,CAÑITAS DE FELIPE PESCADOR,CAÑITAS DE FELIPE PESCADOR,CENTRO
3200600010010,CAÑITAS DE FELIPE PESCADOR,CAÑITAS DE FELIPE PESCADOR,LOMA VERDE
3200700010000,CONCEPCIÓN DEL ORO,CONCEPCIÓN DEL ORO,VARIAS
3200700010001,CONCEPCIÓN DEL ORO,CONCEPCIÓN DEL ORO,BELLA VISTA
3200700010002,CONCEPCIÓN DEL ORO,CONCEPCIÓN DEL ORO,CABRESTANTE
3200700010003,CONCEPCIÓN DEL ORO,CONCEPCIÓN DEL ORO,CENTRO
3200700010004,CONCEPCIÓN DEL ORO,CONCEPCIÓN DEL ORO,CHIHUAHUA
3200700010005,CONCEPCIÓN DEL ORO,CONCEPCIÓN DEL ORO,EL CRUCE
3200700010006,CONCEPCIÓN DEL ORO,CONCEPCIÓN DEL ORO,LA ESTRELLA
3200700010007,CONCEPCIÓN DEL ORO,CONCEPCIÓN DEL ORO,EL GRASERO
3200700010008,CONCEPCIÓN DEL ORO,CONCEPCIÓN DEL ORO,LAS LAJAS
3200700010009,CONCEPCIÓN DEL ORO,CONCEPCIÓN DEL ORO,OBRERA
3200800010000,CUAUHTÉMOC,CUAUHTÉMOC,VARIAS
3200800010001,CUAUHTÉMOC,CUAUHTÉMOC,MONTECILLO
3200800010002,CUAUHTÉMOC,CUAUHTÉMOC,INDEPENDENCIA
3200800010003,CUAUHTÉMOC,CUAUHTÉMOC,LAS GALLINAS
3200800010004,CUAUHTÉMOC,CUAUHTÉMOC,CENTRO
3200800010005,CUAUHTÉMOC,CUAUHTÉMOC,EL PEDREGOSO
3200800010006,CUAUHTÉMOC,CUAUHTÉMOC,LA RINCONADA
3200800010007,CUAUHTÉMOC,CUAUHTÉMOC,LA CHIRIPA
3200800010008,CUAUHTÉMOC,CUAUHTÉMOC,CASTORENA
3200800010009,CUAUHTÉMOC,CUAUHTÉMOC,LÁZARO CÁRDENAS PRIMERA SECCIÓN
3200800010010,CUAUHTÉMOC,CUAUHTÉMOC,POTRERILLOS PRIMERA SECCIÓN
3200800010011,CUAUHTÉMOC,CUAUHTÉMOC,POTRERILLOS SEGUNDA SECCIÓN
3200800010012,CUAUHTÉMOC,CUAUHTÉMOC,MORELOS
3200800010013,CUAUHTÉMOC,CUAUHTÉMOC,LÁZARO CÁRDENAS SEGUNDA SECCIÓN
3200800010014,CUAUHTÉMOC,CUAUHTÉMOC,NUEVO MILENIO
3200800010015,CUAUHTÉMOC,CUAUHTÉMOC,LAS TORRES
3200800010016,CUAUHTÉMOC,CUAUHTÉMOC,COPROVI LOS VENEROS
3200800010017,CUAUHTÉMOC,CUAUHTÉMOC,COPROVI SAN PEDRO
3200800010018,CUAUHTÉMOC,CUAUHTÉMOC,INDEPENDIENTE
3200800010019,CUAUHTÉMOC,CUAUHTÉMOC,EL LLANO
3200800010020,CUAUHTÉMOC,CUAUHTÉMOC,EL PASTIZAL
3200800010021,CUAUHTÉMOC,CUAUHTÉMOC,PIEDAD
3200800010022,CUAUHTÉMOC,CUAUHTÉMOC,NINGUNO
3200900010000,CHALCHIHUITES,CHALCHIHUITES,VARIAS
3200900010001,CHALCHIHUITES,CHALCHIHUITES,ALAMEDA
3200900010002,CHALCHIHUITES,CHALCHIHUITES,ALAMEDA
3200900010003,CHALCHIHUITES,CHALCHIHUITES,DEL CARDENALILLO
3200900010004,CHALCHIHUITES,CHALCHIHUITES,CENTRO
3200900010005,CHALCHIHUITES,CHALCHIHUITES,COLORADO
3200900010006,CHALCHIHUITES,CHALCHIHUITES,CONCORDIA
3200900010007,CHALCHIHUITES,CHALCHIHUITES,CONCORDIA 2000
3200900010008,CHALCHIHUITES,CHALCHIHUITES,DE FÁTIMA
3200900010009,CHALCHIHUITES,CHALCHIHUITES,EL HUNDIDO
3200900010010,CHALCHIHUITES,CHALCHIHUITES,DE JALISCO
3200900010011,CHALCHIHUITES,CHALCHIHUITES,MAGISTERIAL
3200900010012,CHALCHIHUITES,CHALCHIHUITES,OJO DE AGUA
3200900010013,CHALCHIHUITES,CHALCHIHUITES,LA PEÑITA
3200900010014,CHALCHIHUITES,CHALCHIHUITES,SOLIDARIDAD
3201000010000,FRESNILLO,FRESNILLO,VARIAS
3201000010702,FRESNILLO,FRESNILLO,NUEVA ALIANZA
3201000010703,FRESNILLO,FRESNILLO,ALTO
3201000010704,FRESNILLO,FRESNILLO,LAS AMÉRICAS
3201000010705,FRESNILLO,FRESNILLO,AMPLIACIÓN AZTECA
3201000010706,FRESNILLO,FRESNILLO,ARBOLEDAS
3201000010707,FRESNILLO,FRESNILLO,LAS AVES
3201000010708,FRESNILLO,FRESNILLO,AZTECA
3201000010709,FRESNILLO,FRESNILLO,LOS BALCONES
3201000010710,FRESNILLO,FRESNILLO,BELEÑA
3201000010711,FRESNILLO,FRESNILLO,BENITO JUÁREZ
3201000010712,FRESNILLO,FRESNILLO,BUENOS AIRES
3201000010713,FRESNILLO,FRESNILLO,CENTRO
3201000010714,FRESNILLO,FRESNILLO,DEL BOSQUE
3201000010715,FRESNILLO,FRESNILLO,DEL FRESNO
3201000010716,FRESNILLO,FRESNILLO,DEL SOL
3201000010717,FRESNILLO,FRESNILLO,DEL VALLE
3201000010719,FRESNILLO,FRESNILLO,ECOLÓGICA
3201000010722,FRESNILLO,FRESNILLO,ELECTRICISTAS
3201000010723,FRESNILLO,FRESNILLO,EMILIANO ZAPATA
3201000010724,FRESNILLO,FRESNILLO,ESPARZA
3201000010726,FRESNILLO,FRESNILLO,LAS FLORES
3201000010727,FRESNILLO,FRESNILLO,LA FORTUNA
3201000010728,FRESNILLO,FRESNILLO,ROQUE ESTRADA FOVISSSTE
3201000010729,FRESNILLO,FRESNILLO,FRANCISCO GOYTIA
3201000010730,FRESNILLO,FRESNILLO,FRANCISCO I. MADERO
3201000010731,FRESNILLO,FRESNILLO,FRANCISCO VILLA
3201000010733,FRESNILLO,FRESNILLO,FELIPE MONREAL
3201000010734,FRESNILLO,FRESNILLO,GONZÁLEZ ORTEGA
3201000010735,FRESNILLO,FRESNILLO,LAS HACIENDAS
3201000010736,FRESNILLO,FRESNILLO,IMPRESIONISTAS
3201000010737,FRESNILLO,FRESNILLO,INDUSTRIAL
3201000010740,FRESNILLO,FRESNILLO,GONZÁLEZ ORTEGA
3201000010741,FRESNILLO,FRESNILLO,JOSÉ MA. VAZQUEZ
3201000010742,FRESNILLO,FRESNILLO,LA JOYA
3201000010743,FRESNILLO,FRESNILLO,LASALLE
3201000010744,FRESNILLO,FRESNILLO,LÁZARO CARDENAS
3201000010746,FRESNILLO,FRESNILLO,LIENZO CHARRO
3201000010747,FRESNILLO,FRESNILLO,LINDAVISTA
3201000010748,FRESNILLO,FRESNILLO,FORTUNA
3201000010749,FRESNILLO,FRESNILLO,LOMAS DE PLATEROS
3201000010750,FRESNILLO,FRESNILLO,LUIS DONALDO COLOSIO
3201000010751,FRESNILLO,FRESNILLO,UNIDAD Y ESFUERZO MAGISTERIAL
3201000010752,FRESNILLO,FRESNILLO,MAGISTERIAL
3201000010754,FRESNILLO,FRESNILLO,EL OLIVAR
3201000010755,FRESNILLO,FRESNILLO,MARAVILLAS
3201000010756,FRESNILLO,FRESNILLO,MESOAMÉRICA
3201000010757,FRESNILLO,FRESNILLO,MÉXICO
3201000010758,FRESNILLO,FRESNILLO,MIGUEL HIDALGO
3201000010759,FRESNILLO,FRESNILLO,MINERA
3201000010761,FRESNILLO,FRESNILLO,MURALISTAS
3201000010762,FRESNILLO,FRESNILLO,GOMEZ SADA
3201000010764,FRESNILLO,FRESNILLO,OBRERA
3201000010765,FRESNILLO,FRESNILLO,LOS OLIVOS
3201000010767,FRESNILLO,FRESNILLO,NINGUNO
3201000010768,FRESNILLO,FRESNILLO,PATRIA Y LIBERTAD
3201000010769,FRESNILLO,FRESNILLO,LA PAZ
3201000010770,FRESNILLO,FRESNILLO,PERIODISTAS
3201000010771,FRESNILLO,FRESNILLO,PETROLEOS
3201000010772,FRESNILLO,FRESNILLO,PLAN DE AYALA
3201000010774,FRESNILLO,FRESNILLO,POLVAREDAS
3201000010776,FRESNILLO,FRESNILLO,PROGRESO
3201000010777,FRESNILLO,FRESNILLO,PROVIDENCIA
3201000010778,FRESNILLO,FRESNILLO,QUINTA DEL COBRE
3201000010779,FRESNILLO,FRESNILLO,REAL DEL FRESNO
3201000010780,FRESNILLO,FRESNILLO,REAL DE MINAS
3201000010781,FRESNILLO,FRESNILLO,DR. MONREAL
3201000010782,FRESNILLO,FRESNILLO,SATÉLITE
3201000010783,FRESNILLO,FRESNILLO,LAGUNILLA
3201000010784,FRESNILLO,FRESNILLO,PLUTARCO ELIAS CALLES
3201000010785,FRESNILLO,FRESNILLO,SOLIDARIDAD
3201000010786,FRESNILLO,FRESNILLO,TECNOLÓGICA
3201000010787,FRESNILLO,FRESNILLO,VENUSTIANO CARRANZA
3201000010788,FRESNILLO,FRESNILLO,EL VERGEL
3201000010789,FRESNILLO,FRESNILLO,EL VERGEL
3201000010790,FRESNILLO,FRESNILLO,VICTORIA II
3201000010791,FRESNILLO,FRESNILLO,VILLA JARDÍN
3201000010792,FRESNILLO,FRESNILLO,VILLAS DE PLATEROS
3201000010793,FRESNILLO,FRESNILLO,18 DE JULIO
3201000010794,FRESNILLO,FRESNILLO,ARTESANOS
3201000010795,FRESNILLO,FRESNILLO,EL BAJÍO DE FRESNILLO
3201000010796,FRESNILLO,FRESNILLO,EMILIANO ZAPATA SECCIÓN 7
3201000010797,FRESNILLO,FRESNILLO,FELIPE ANGELES
3201000010798,FRESNILLO,FRESNILLO,IMPRESIONISTAS I
3201000010799,FRESNILLO,FRESNILLO,JUAN ANTONIO CASAS TORRES
3201000010800,FRESNILLO,FRESNILLO,LICENCIADO ABEL DÁVILA
3201000010801,FRESNILLO,FRESNILLO,NUEVA ESPAÑA
3201000010802,FRESNILLO,FRESNILLO,DEL PARQUE
3201000010803,FRESNILLO,FRESNILLO,DEL POLICÍA
3201000010804,FRESNILLO,FRESNILLO,EL PUENTE
3201000010805,FRESNILLO,FRESNILLO,SAN FRANCISCO
3201000010806,FRESNILLO,FRESNILLO,SAN JAVIER
3201000010807,FRESNILLO,FRESNILLO,SAN JORGE
3201000010808,FRESNILLO,FRESNILLO,SAN MIGUEL
3201000010809,FRESNILLO,FRESNILLO,PANAMERICANA
3201000010811,FRESNILLO,FRESNILLO,CUAUHTÉMOC
3201000010812,FRESNILLO,FRESNILLO,NINGUNO
3201000010813,FRESNILLO,FRESNILLO,NINGUNO
3201000010814,FRESNILLO,FRESNILLO,NINGUNO
3201000010815,FRESNILLO,FRESNILLO,NINGUNO
3201000010817,FRESNILLO,FRESNILLO,LAS TORCAZAS
3201000010818,FRESNILLO,FRESNILLO,UNIVERSIDAD
3201000010819,FRESNILLO,FRESNILLO,VENUSTIANO CARRANZA II
3201000010820,FRESNILLO,FRESNILLO,COLINAS DEL REAL
3201000010821,FRESNILLO,FRESNILLO,EJIDAL
3201001060001,FRESNILLO,FRESNILLO,ESTACIÓN SAN JOSÉ
3201001350001,FRESNILLO,FRESNILLO,CENTRO
3201001350002,FRESNILLO,FRESNILLO,CIUDAD PERDIDA
3201001350003,FRESNILLO,FRESNILLO,LIENZO CHARRO
3201001350004,FRESNILLO,FRESNILLO,NEGRO
3201001350005,FRESNILLO,FRESNILLO,NUEVA
3201001350006,FRESNILLO,FRESNILLO,OJUELOS
3201001350007,FRESNILLO,FRESNILLO,LA PELUSA
3201001350008,FRESNILLO,FRESNILLO,LA SANTA CRUZ
3201001650001,FRESNILLO,FRESNILLO,CATA DE PLATA
3201001650002,FRESNILLO,FRESNILLO,JUNCOS
3201001650003,FRESNILLO,FRESNILLO,PUERTO
3201001650004,FRESNILLO,FRESNILLO,SOCAVÓN
3201001830001,FRESNILLO,FRESNILLO,CENTRO
3201001830002,FRESNILLO,FRESNILLO,LAS FLORES
3201001830003,FRESNILLO,FRESNILLO,FRANCISCO VILLA
3201001830004,FRESNILLO,FRESNILLO,DEL PANTEÓN
3201001830005,FRESNILLO,FRESNILLO,DEL SAINITO
3201001830006,FRESNILLO,FRESNILLO,NINGUNO
3201001830007,FRESNILLO,FRESNILLO,LA ZONA
3201001890001,FRESNILLO,FRESNILLO,RÍO FLORIDO
3201002100001,FRESNILLO,FRESNILLO,CENTRO
3201002100002,FRESNILLO,FRESNILLO,CHULA VISTA
3201002100003,FRESNILLO,FRESNILLO,ERENDIRILLA
3201002100004,FRESNILLO,FRESNILLO,LOS ESPARZA
3201002100005,FRESNILLO,FRESNILLO,LAS FLORES
3201002100006,FRESNILLO,FRESNILLO,LOMA BONITA
3201002100007,FRESNILLO,FRESNILLO,MIMBRES
3201002100008,FRESNILLO,FRESNILLO,SAN ISIDRO
3201100010000,TRINIDAD GARCÍA DE LA CADENA,TRINIDAD GARCÍA DE LA CADENA,VARIAS
3201100010001,TRINIDAD GARCÍA DE LA CADENA,TRINIDAD GARCÍA DE LA CADENA,TRINIDAD GARCÍA DE LA CADENA
3201200010000,GENARO CODINA,GENARO CODINA,VARIAS
3201200010001,GENARO CODINA,GENARO CODINA,DE ARTEAGAS
3201200010002,GENARO CODINA,GENARO CODINA,DEL SALTO
3201200010003,GENARO CODINA,GENARO CODINA,DE HERNÁNDEZ
3201200010004,GENARO CODINA,GENARO CODINA,DE LOS GUERRERO
3201200010005,GENARO CODINA,GENARO CODINA,DE LOS LLANITOS
3201200010006,GENARO CODINA,GENARO CODINA,OJO DE AGUA
3201200010007,GENARO CODINA,GENARO CODINA,CENTRO
3201300010000,GENERAL ENRIQUE ESTRADA,GENERAL ENRIQUE ESTRADA,VARIAS
3201300010001,GENERAL ENRIQUE ESTRADA,GENERAL ENRIQUE ESTRADA,AGUA AZUL
3201300010002,GENERAL ENRIQUE ESTRADA,GENERAL ENRIQUE ESTRADA,CENTRO
3201300010003,GENERAL ENRIQUE ESTRADA,GENERAL ENRIQUE ESTRADA,ENRIQUE ESTRADA
3201300010004,GENERAL ENRIQUE ESTRADA,GENERAL ENRIQUE ESTRADA,JACARANDAS
3201300010005,GENERAL ENRIQUE ESTRADA,GENERAL ENRIQUE ESTRADA,JARDÍN
3201300010006,GENERAL ENRIQUE ESTRADA,GENERAL ENRIQUE ESTRADA,LÁZARO CÁRDENAS
3201300010007,GENERAL ENRIQUE ESTRADA,GENERAL ENRIQUE ESTRADA,LINDA VISTA
3201300010008,GENERAL ENRIQUE ESTRADA,GENERAL ENRIQUE ESTRADA,LUCIO CABAÑAS
3201400010000,GENERAL FRANCISCO R. MURGUÍA,GENERAL FRANCISCO R. MURGUÍA,VARIAS
3201400010001,GENERAL FRANCISCO R. MURGUÍA,GENERAL FRANCISCO R. MURGUÍA,20 DE NOVIEMBRE
3201400010002,GENERAL FRANCISCO R. MURGUÍA,GENERAL FRANCISCO R. MURGUÍA,CENTRO
3201400010004,GENERAL FRANCISCO R. MURGUÍA,GENERAL FRANCISCO R. MURGUÍA,MAGISTERIAL
3201400010005,GENERAL FRANCISCO R. MURGUÍA,GENERAL FRANCISCO R. MURGUÍA,LOS ÁLAMOS
3201400010006,GENERAL FRANCISCO R. MURGUÍA,GENERAL FRANCISCO R. MURGUÍA,COPROVI
3201500010000,EL PLATEADO DE JOAQUÍN AMARO,EL PLATEADO DE JOAQUÍN AMARO,VARIAS
3201500010001,EL PLATEADO DE JOAQUÍN AMARO,EL PLATEADO DE JOAQUÍN AMARO,EL PLATEADO DE JOAQUÍN AMARO
3201600010000,GENERAL PÁNFILO NATERA,GENERAL PÁNFILO NATERA,VARIAS
3201600010001,GENERAL PÁNFILO NATERA,GENERAL PÁNFILO NATERA,RICARDO MONREAL
3201600010002,GENERAL PÁNFILO NATERA,GENERAL PÁNFILO NATERA,PIEDRA AZUL
3201600010003,GENERAL PÁNFILO NATERA,GENERAL PÁNFILO NATERA,LAS ÁNIMAS II
3201600010004,GENERAL PÁNFILO NATERA,GENERAL PÁNFILO NATERA,LAS ÁNIMAS I
3201600010005,GENERAL PÁNFILO NATERA,GENERAL PÁNFILO NATERA,ALTO
3201600010007,GENERAL PÁNFILO NATERA,GENERAL PÁNFILO NATERA,NINGUNO
3201600010008,GENERAL PÁNFILO NATERA,GENERAL PÁNFILO NATERA,NINGUNO
3201600010009,GENERAL PÁNFILO NATERA,GENERAL PÁNFILO NATERA,EL SALTO
3201600010010,GENERAL PÁNFILO NATERA,GENERAL PÁNFILO NATERA,NINGUNO
3201600010011,GENERAL PÁNFILO NATERA,GENERAL PÁNFILO NATERA,DE LA SANTA CRUZ
3201600010012,GENERAL PÁNFILO NATERA,GENERAL PÁNFILO NATERA,CENTRO
3201600010013,GENERAL PÁNFILO NATERA,GENERAL PÁNFILO NATERA,SAN JUAN BAUTISTA
3201600010015,GENERAL PÁNFILO NATERA,GENERAL PÁNFILO NATERA,NINGUNO
3201600010017,GENERAL PÁNFILO NATERA,GENERAL PÁNFILO NATERA,DIVINO ROSTRO
3201600010018,GENERAL PÁNFILO NATERA,GENERAL PÁNFILO NATERA,PRESIDENTES
3201600010020,GENERAL PÁNFILO NATERA,GENERAL PÁNFILO NATERA,LAS FLORES
3201600010021,GENERAL PÁNFILO NATERA,GENERAL PÁNFILO NATERA,BUENAVISTA
3201600010022,GENERAL PÁNFILO NATERA,GENERAL PÁNFILO NATERA,MAGISTERIAL
3201600010023,GENERAL PÁNFILO NATERA,GENERAL PÁNFILO NATERA,RAFAEL GUZMÁN
3201600170001,GENERAL PÁNFILO NATERA,GENERAL PÁNFILO NATERA,EL SALADILLO
3201600250001,GENERAL PÁNFILO NATERA,GENERAL PÁNFILO NATERA,EL SAUCITO
3201700010000,GUADALUPE,GUADALUPE,VARIAS
3201700010701,GUADALUPE,GUADALUPE,PRIMERA DE MAYO
3201700010702,GUADALUPE,GUADALUPE,ÁFRICA
3201700010703,GUADALUPE,GUADALUPE,PRIVADA LAS ÁGUILAS
3201700010704,GUADALUPE,GUADALUPE,AMÉRICAS I
3201700010705,GUADALUPE,GUADALUPE,AMÉRICAS II
3201700010706,GUADALUPE,GUADALUPE,NINGUNO
3201700010707,GUADALUPE,GUADALUPE,AMPLIACIÓN LA FE
3201700010708,GUADALUPE,GUADALUPE,NINGUNO
3201700010709,GUADALUPE,GUADALUPE,LOS ÁNGELES
3201700010710,GUADALUPE,GUADALUPE,ARBOLEDAS
3201700010711,GUADALUPE,GUADALUPE,LA FLORIDA
3201700010712,GUADALUPE,GUADALUPE,BELLAVISTA
3201700010713,GUADALUPE,GUADALUPE,BONATERRA
3201700010714,GUADALUPE,GUADALUPE,BONITO PUEBLO
3201700010715,GUADALUPE,GUADALUPE,LA BUFA
3201700010716,GUADALUPE,GUADALUPE,CALIFORNIA II
3201700010717,GUADALUPE,GUADALUPE,CAMILO TORRES
3201700010718,GUADALUPE,GUADALUPE,CAMINO REAL
3201700010719,GUADALUPE,GUADALUPE,CAMPESINA
3201700010720,GUADALUPE,GUADALUPE,CAMPO BRAVO
3201700010721,GUADALUPE,GUADALUPE,CAMPO REAL
3201700010722,GUADALUPE,GUADALUPE,LA CANTERA
3201700010723,GUADALUPE,GUADALUPE,LA CANTERA
3201700010724,GUADALUPE,GUADALUPE,CAÑADA LA BUFA
3201700010725,GUADALUPE,GUADALUPE,CAÑADA DEL SOL
3201700010726,GUADALUPE,GUADALUPE,MÓDULO SOCIAL EL CARMEN
3201700010727,GUADALUPE,GUADALUPE,ZONA CENTRO
3201700010728,GUADALUPE,GUADALUPE,EL DORADO
3201700010729,GUADALUPE,GUADALUPE,FSTSE LA CONDESA
3201700010730,GUADALUPE,GUADALUPE,LOS CONVENTOS II
3201700010731,GUADALUPE,GUADALUPE,LOS CONVENTOS
3201700010732,GUADALUPE,GUADALUPE,LAS CULTURAS AC
3201700010733,GUADALUPE,GUADALUPE,DEPENDENCIAS FEDERALES
3201700010734,GUADALUPE,GUADALUPE,DEL AGUA
3201700010735,GUADALUPE,GUADALUPE,POPULAR DEL BOSQUE
3201700010736,GUADALUPE,GUADALUPE,DIVISIÓN DEL NORTE
3201700010738,GUADALUPE,GUADALUPE,EJIDAL
3201700010739,GUADALUPE,GUADALUPE,EMILIANO ZAPATA
3201700010740,GUADALUPE,GUADALUPE,ESCRITORES
3201700010741,GUADALUPE,GUADALUPE,LA ESTACIÓN
3201700010742,GUADALUPE,GUADALUPE,EX-HACIENDA DE BERNÁRDEZ
3201700010744,GUADALUPE,GUADALUPE,LA FE
3201700010745,GUADALUPE,GUADALUPE,SUTSEMOP
3201700010746,GUADALUPE,GUADALUPE,FERROCARRILEROS
3201700010747,GUADALUPE,GUADALUPE,FIRCO
3201700010748,GUADALUPE,GUADALUPE,LAS FLORES
3201700010749,GUADALUPE,GUADALUPE,LAS FLORES
3201700010750,GUADALUPE,GUADALUPE,FRANCISCO VILLA
3201700010751,GUADALUPE,GUADALUPE,LOS FRAILES
3201700010752,GUADALUPE,GUADALUPE,LAS FLORES
3201700010753,GUADALUPE,GUADALUPE,ISSSTEZAC
3201700010754,GUADALUPE,GUADALUPE,GAVILANES
3201700010755,GUADALUPE,GUADALUPE,LOS GERANIOS
3201700010756,GUADALUPE,GUADALUPE,GUADALUPE MODERNO
3201700010757,GUADALUPE,GUADALUPE,ARROYO DE LA PLATA INDECO
3201700010758,GUADALUPE,GUADALUPE,JARDINES DE BERNÁRDEZ
3201700010759,GUADALUPE,GUADALUPE,HIDRÁULICA 13 DE OCTUBRE
3201700010760,GUADALUPE,GUADALUPE,JARDINES DEL SOL II
3201700010761,GUADALUPE,GUADALUPE,JARDINES DEL SOL
3201700010762,GUADALUPE,GUADALUPE,LAS JOYAS
3201700010764,GUADALUPE,GUADALUPE,LOMAS DE BERNÁRDEZ
3201700010765,GUADALUPE,GUADALUPE,LOMAS DE GALICIA
3201700010766,GUADALUPE,GUADALUPE,LOMAS DEL CONSUELO
3201700010767,GUADALUPE,GUADALUPE,LOMAS DEL CONVENTO
3201700010768,GUADALUPE,GUADALUPE,LOMAS DEL VALLE
3201700010769,GUADALUPE,GUADALUPE,LUIS DONALDO COLOSIO
3201700010770,GUADALUPE,GUADALUPE,LAS MARGARITAS
3201700010771,GUADALUPE,GUADALUPE,LA MARTINICA
3201700010773,GUADALUPE,GUADALUPE,EL MEZQUITAL
3201700010775,GUADALUPE,GUADALUPE,MILITAR
3201700010776,GUADALUPE,GUADALUPE,NUEVA GENERACIÓN
3201700010777,GUADALUPE,GUADALUPE,NUEVO BERNÁRDEZ
3201700010778,GUADALUPE,GUADALUPE,OJO DE AGUA DE LA PALMA PRIMERA SECCIÓN
3201700010779,GUADALUPE,GUADALUPE,EL PARAÍSO
3201700010780,GUADALUPE,GUADALUPE,ZONA INDUSTRIAL
3201700010782,GUADALUPE,GUADALUPE,LOS PIRULES
3201700010783,GUADALUPE,GUADALUPE,LOS PRADOS
3201700010784,GUADALUPE,GUADALUPE,PRIVADA DE EUCALIPTOS
3201700010785,GUADALUPE,GUADALUPE,PRIVADA LA ESMERALDA
3201700010786,GUADALUPE,GUADALUPE,PRIVADA MINAS
3201700010787,GUADALUPE,GUADALUPE,PROGRESISTAS
3201700010788,GUADALUPE,GUADALUPE,PRIVADA PUERTA DORADA
3201700010789,GUADALUPE,GUADALUPE,LAS QUINTAS
3201700010790,GUADALUPE,GUADALUPE,REAL DEL CONDE
3201700010791,GUADALUPE,GUADALUPE,REAL MEXICANA
3201700010792,GUADALUPE,GUADALUPE,RINCÓN COLONIAL
3201700010793,GUADALUPE,GUADALUPE,RINCÓN GUADALUPANO
3201700010794,GUADALUPE,GUADALUPE,RINCONADA DE PIRULES
3201700010795,GUADALUPE,GUADALUPE,SNTAS CMA
3201700010796,GUADALUPE,GUADALUPE,SPAUAZ
3201700010797,GUADALUPE,GUADALUPE,STUAZ
3201700010798,GUADALUPE,GUADALUPE,STUAZ
3201700010800,GUADALUPE,GUADALUPE,EL SALERO
3201700010802,GUADALUPE,GUADALUPE,SAN JOSÉ DE LA PIEDRERA
3201700010804,GUADALUPE,GUADALUPE,SAN MIGUEL DEL CORTIJO
3201700010805,GUADALUPE,GUADALUPE,SANTA FE
3201700010806,GUADALUPE,GUADALUPE,SANTA RITA
3201700010807,GUADALUPE,GUADALUPE,SANTA RITA
3201700010808,GUADALUPE,GUADALUPE,IVES LIMANTOUR
3201700010809,GUADALUPE,GUADALUPE,DEL BOSQUE
3201700010810,GUADALUPE,GUADALUPE,TIERRA Y LIBERTAD
3201700010811,GUADALUPE,GUADALUPE,SEGUNDA SECCIÓN DE TIERRA Y LIBERTAD
3201700010812,GUADALUPE,GUADALUPE,TERCERA SECCIÓN DE TIERRA Y LIBERTAD
3201700010813,GUADALUPE,GUADALUPE,TOMA DE ZACATECAS
3201700010814,GUADALUPE,GUADALUPE,TONATHIU MAGISTERIAL
3201700010815,GUADALUPE,GUADALUPE,PRIVADA LAS TORRES
3201700010817,GUADALUPE,GUADALUPE,VALLE DEL CONDE
3201700010818,GUADALUPE,GUADALUPE,VALLES
3201700010819,GUADALUPE,GUADALUPE,VALLES II
3201700010820,GUADALUPE,GUADALUPE,LA VICTORIA
3201700010821,GUADALUPE,GUADALUPE,VILLA COLONIAL
3201700010822,GUADALUPE,GUADALUPE,VILLA DE LAS FLORES
3201700010823,GUADALUPE,GUADALUPE,VILLA REAL
3201700010824,GUADALUPE,GUADALUPE,VILLAS DE NAPOLES
3201700010825,GUADALUPE,GUADALUPE,VILLAS DEL CARMEN
3201700010826,GUADALUPE,GUADALUPE,VILLAS DEL MONASTERIO
3201700010827,GUADALUPE,GUADALUPE,VILLAS MARIANA
3201700010828,GUADALUPE,GUADALUPE,SEGUNDA AMPLIACIÓN EL DORADO
3201700010829,GUADALUPE,GUADALUPE,SEGUNDA AMPLIACIÓN LUIS DONALDO COLOSIO
3201700010830,GUADALUPE,GUADALUPE,AMPLIACIÓN BONITO PUEBLO
3201700010831,GUADALUPE,GUADALUPE,AMPLIACIÓN CANTERA
3201700010832,GUADALUPE,GUADALUPE,AMPLIACIÓN NUEVA GENERACIÓN
3201700010833,GUADALUPE,GUADALUPE,PROVIDENCIA
3201700010834,GUADALUPE,GUADALUPE,AMPLIACIÓN TIERRA Y LIBERTAD
3201700010835,GUADALUPE,GUADALUPE,ANTORCHA CAMPESINA
3201700010836,GUADALUPE,GUADALUPE,ARTE MEXICANO
3201700010837,GUADALUPE,GUADALUPE,BASTIÓN ROJO
3201700010838,GUADALUPE,GUADALUPE,DE LAS BEGONIAS
3201700010839,GUADALUPE,GUADALUPE,CALIFORNIA I
3201700010840,GUADALUPE,GUADALUPE,LA CAÑADA I
3201700010841,GUADALUPE,GUADALUPE,CENTRO HISTÓRICO
3201700010842,GUADALUPE,GUADALUPE,LA CIMA
3201700010843,GUADALUPE,GUADALUPE,CONDE SANTIAGO DE LA LAGUNA I
3201700010844,GUADALUPE,GUADALUPE,CONDE SANTIAGO DE LA LAGUNA II
3201700010845,GUADALUPE,GUADALUPE,LA CONDESA
3201700010846,GUADALUPE,GUADALUPE,CONDOMINIOS DEL SOL
3201700010847,GUADALUPE,GUADALUPE,CONJUNTO CONDOMINIOS EL PARAÍSO
3201700010848,GUADALUPE,GUADALUPE,EL ESCARABAJO
3201700010849,GUADALUPE,GUADALUPE,LA ESPERANZA
3201700010850,GUADALUPE,GUADALUPE,DE LA ESTACIÓN
3201700010851,GUADALUPE,GUADALUPE,ESTACIÓN PROVIDENCIA
3201700010852,GUADALUPE,GUADALUPE,LA FE SEGUNDA AMPLIACIÓN
3201700010853,GUADALUPE,GUADALUPE,FRANJA EJIDAL DE LOS 70 METROS
3201700010854,GUADALUPE,GUADALUPE,GALERIAS
3201700010855,GUADALUPE,GUADALUPE,GARCÍA SALINAS
3201700010856,GUADALUPE,GUADALUPE,GERANEOS II
3201700010857,GUADALUPE,GUADALUPE,GRUPO TENDENCIA SINDICAL
3201700010858,GUADALUPE,GUADALUPE,GUADALUPE COLONIAL
3201700010859,GUADALUPE,GUADALUPE,LOS GUEVARA
3201700010860,GUADALUPE,GUADALUPE,IGNACIO ALLENDE
3201700010861,GUADALUPE,GUADALUPE,LA INDUSTRIA
3201700010862,GUADALUPE,GUADALUPE,ISSSTEZAC
3201700010863,GUADALUPE,GUADALUPE,JARDINES DE SAUCEDA
3201700010864,GUADALUPE,GUADALUPE,JESÚS PÉREZ CUEVAS
3201700010865,GUADALUPE,GUADALUPE,JUSTO SIERRA
3201700010866,GUADALUPE,GUADALUPE,LAS LADRILLERAS
3201700010867,GUADALUPE,GUADALUPE,LIMANTOUR
3201700010868,GUADALUPE,GUADALUPE,LINDAVISTA
3201700010869,GUADALUPE,GUADALUPE,LOMA BONITA
3201700010870,GUADALUPE,GUADALUPE,LOMAS DE BERNÁRDEZ SECCIÓN PLATA
3201700010871,GUADALUPE,GUADALUPE,LOMAS DE BRITANIA
3201700010872,GUADALUPE,GUADALUPE,LOMAS DE GUADALUPE
3201700010873,GUADALUPE,GUADALUPE,LOMAS DEL PEDREGAL
3201700010874,GUADALUPE,GUADALUPE,DE LORETO
3201700010875,GUADALUPE,GUADALUPE,MAGISTERIAL PEDRO RUIZ GONZALEZ
3201700010876,GUADALUPE,GUADALUPE,MAGISTERIO
3201700010877,GUADALUPE,GUADALUPE,LA MARIANITA
3201700010878,GUADALUPE,GUADALUPE,MINAS DEL REAL
3201700010879,GUADALUPE,GUADALUPE,MONTEBELLO
3201700010880,GUADALUPE,GUADALUPE,MONTES AZULES
3201700010881,GUADALUPE,GUADALUPE,MONTESITO
3201700010882,GUADALUPE,GUADALUPE,DE LOS MOROS
3201700010883,GUADALUPE,GUADALUPE,OJO DE AGUA DE LA PALMA SEGUNDA AMPLIACIÓN
3201700010884,GUADALUPE,GUADALUPE,OJO DE AGUA DE LA PALMA SEGUNDA SECCIÓN
3201700010885,GUADALUPE,GUADALUPE,OJO DE AGUA DE LA PALMA TERCERA AMPLIACIÓN
3201700010886,GUADALUPE,GUADALUPE,OJO DE AGUA DE LA PALMA TERCERA SECCIÓN
3201700010887,GUADALUPE,GUADALUPE,OJO DE AGUA DE LA PALMA CUARTA SECCIÓN
3201700010888,GUADALUPE,GUADALUPE,LOS OLIVOS
3201700010889,GUADALUPE,GUADALUPE,PPS
3201700010890,GUADALUPE,GUADALUPE,LA PALMA
3201700010891,GUADALUPE,GUADALUPE,DEL PARQUE
3201700010892,GUADALUPE,GUADALUPE,PARQUE ARROYO DE LA PLATA
3201700010893,GUADALUPE,GUADALUPE,POPULAR SAN FRANCISCO
3201700010894,GUADALUPE,GUADALUPE,PORTANOVA
3201700010895,GUADALUPE,GUADALUPE,PRIMAVERA
3201700010896,GUADALUPE,GUADALUPE,PRIVADA DE 1910
3201700010897,GUADALUPE,GUADALUPE,PRIVADA LA FE
3201700010898,GUADALUPE,GUADALUPE,PRIVADA MARINA NACIONAL
3201700010899,GUADALUPE,GUADALUPE,MINA AZUL
3201700010900,GUADALUPE,GUADALUPE,PRIVADA DE OLIVARES
3201700010901,GUADALUPE,GUADALUPE,PRIVADA SAUCEDA
3201700010902,GUADALUPE,GUADALUPE,PUERTA DE PLATA
3201700010903,GUADALUPE,GUADALUPE,LA PURÍSIMA
3201700010904,GUADALUPE,GUADALUPE,QUINTA SAN FERNANDO
3201700010905,GUADALUPE,GUADALUPE,QUINTA SAN GABRIEL
3201700010906,GUADALUPE,GUADALUPE,QUINTA SAN JERÓNIMO
3201700010907,GUADALUPE,GUADALUPE,QUINTA SAN NICOLÁS
3201700010908,GUADALUPE,GUADALUPE,QUINTA SANTA MARTHA
3201700010909,GUADALUPE,GUADALUPE,QUINTA SANTA TERESITA
3201700010910,GUADALUPE,GUADALUPE,RAMÓN LÓPEZ VELARDE
3201700010911,GUADALUPE,GUADALUPE,REAL DEL SOL
3201700010912,GUADALUPE,GUADALUPE,EL ROBLE
3201700010913,GUADALUPE,GUADALUPE,EL SALERO
3201700010914,GUADALUPE,GUADALUPE,SAN ANTONIO
3201700010915,GUADALUPE,GUADALUPE,SAN COSME
3201700010916,GUADALUPE,GUADALUPE,SAN CRISTOBAL
3201700010917,GUADALUPE,GUADALUPE,SANTA ENGRACIA
3201700010918,GUADALUPE,GUADALUPE,EL SANTUARIO
3201700010919,GUADALUPE,GUADALUPE,NINGUNO
3201700010920,GUADALUPE,GUADALUPE,NINGUNO
3201700010922,GUADALUPE,GUADALUPE,NINGUNO
3201700010923,GUADALUPE,GUADALUPE,NINGUNO
3201700010924,GUADALUPE,GUADALUPE,NINGUNO
3201700010925,GUADALUPE,GUADALUPE,NINGUNO
3201700010926,GUADALUPE,GUADALUPE,NINGUNO
3201700010927,GUADALUPE,GUADALUPE,NINGUNO
3201700010928,GUADALUPE,GUADALUPE,NINGUNO
3201700010929,GUADALUPE,GUADALUPE,NINGUNO
3201700010930,GUADALUPE,GUADALUPE,NUEVO MERCURIO
3201700010931,GUADALUPE,GUADALUPE,NINGUNO
3201700010932,GUADALUPE,GUADALUPE,NINGUNO
3201700010933,GUADALUPE,GUADALUPE,NINGUNO
3201700010934,GUADALUPE,GUADALUPE,NINGUNO
3201700010935,GUADALUPE,GUADALUPE,NINGUNO
3201700010936,GUADALUPE,GUADALUPE,NINGUNO
3201700010937,GUADALUPE,GUADALUPE,NINGUNO
3201700010938,GUADALUPE,GUADALUPE,NINGUNO
3201700010939,GUADALUPE,GUADALUPE,NINGUNO
3201700010941,GUADALUPE,GUADALUPE,STUAZ
3201700010942,GUADALUPE,GUADALUPE,PRIVADA TALAMANTES
3201700010943,GUADALUPE,GUADALUPE,LA TOSCANA
3201700010944,GUADALUPE,GUADALUPE,TRUENO
3201700010945,GUADALUPE,GUADALUPE,UAZ
3201700010946,GUADALUPE,GUADALUPE,AMÉRICAS IV
3201700010947,GUADALUPE,GUADALUPE,LA VICTORIA II
3201700010948,GUADALUPE,GUADALUPE,VILLAS DE DON FERNANDO
3201700010949,GUADALUPE,GUADALUPE,VIRREYES
3201700010950,GUADALUPE,GUADALUPE,VILLAS DE GUADALUPE
3201700010951,GUADALUPE,GUADALUPE,BRISAS DEL CAMPO
3201700010952,GUADALUPE,GUADALUPE,CAÑADA DE LA LAGUNA I
3201700010953,GUADALUPE,GUADALUPE,CAÑADA DE LA LAGUNA II
3201700010954,GUADALUPE,GUADALUPE,CIUDAD DEPORTIVA
3201700010955,GUADALUPE,GUADALUPE,CLAVELES
3201700010956,GUADALUPE,GUADALUPE,CONQUISTADORES
3201700010957,GUADALUPE,GUADALUPE,DESARROLLO LAS QUINTAS
3201700010958,GUADALUPE,GUADALUPE,EL PIRULAR
3201700010959,GUADALUPE,GUADALUPE,FÁTIMA
3201700010960,GUADALUPE,GUADALUPE,GARDENIAS
3201700010961,GUADALUPE,GUADALUPE,LA CAÑADA II
3201700010962,GUADALUPE,GUADALUPE,LA COMARCA
3201700010963,GUADALUPE,GUADALUPE,LA COMARCA II ETAPA
3201700010964,GUADALUPE,GUADALUPE,LAS LOMAS II
3201700010965,GUADALUPE,GUADALUPE,LÁZARO CÁRDENAS
3201700010966,GUADALUPE,GUADALUPE,LOMAS I
3201700010967,GUADALUPE,GUADALUPE,MANUEL M. PONCE
3201700010968,GUADALUPE,GUADALUPE,MEZQUITE
3201700010969,GUADALUPE,GUADALUPE,MURILLO
3201700010970,GUADALUPE,GUADALUPE,ORQUIDEAS
3201700010971,GUADALUPE,GUADALUPE,PASEO REAL
3201700010972,GUADALUPE,GUADALUPE,PRIMAVERA-PRIMAVERA
3201700010973,GUADALUPE,GUADALUPE,QUINTA SAN CARLOS
3201700010974,GUADALUPE,GUADALUPE,QUINTA SANTA ANA
3201700010975,GUADALUPE,GUADALUPE,QUINTA SANTA MARÍA
3201700010976,GUADALUPE,GUADALUPE,REAL DE SAN RAMÓN
3201700010977,GUADALUPE,GUADALUPE,REAL SAN GABRIEL
3201700010978,GUADALUPE,GUADALUPE,SAN RAMÓN
3201700010979,GUADALUPE,GUADALUPE,SAN RAMÓN
3201700010980,GUADALUPE,GUADALUPE,SANTA RITA
3201700010981,GUADALUPE,GUADALUPE,TRES ESTRELLAS
3201700010982,GUADALUPE,GUADALUPE,TRIÁNGULO
3201700010983,GUADALUPE,GUADALUPE,UNIDAD DEPORTIVA
3201700010984,GUADALUPE,GUADALUPE,UNIVERSO
3201700010985,GUADALUPE,GUADALUPE,UNIVERSO II
3201700010986,GUADALUPE,GUADALUPE,UNIVERSO III
3201700010987,GUADALUPE,GUADALUPE,UNIVERSO IV
3201700010988,GUADALUPE,GUADALUPE,VALLE DE LOS FRESNOS
3201700010989,GUADALUPE,GUADALUPE,VILLA FONTANA
3201700010990,GUADALUPE,GUADALUPE,VILLA FONTANA SUR
3201700010991,GUADALUPE,GUADALUPE,VILLAS BUGAMBILIA
3201700010992,GUADALUPE,GUADALUPE,VILLAS DE LA CORUÑA
3201700010993,GUADALUPE,GUADALUPE,VILLAS DE SAN FERMÍN
3201700010994,GUADALUPE,GUADALUPE,VILLAS DEL TEPEYAC
3201700010995,GUADALUPE,GUADALUPE,VILLAS JOHANA
3201700090001,GUADALUPE,GUADALUPE,CHE GUEVARA
3201700090002,GUADALUPE,GUADALUPE,CIENEGUITAS
3201700090003,GUADALUPE,GUADALUPE,HÍPICO
3201700090004,GUADALUPE,GUADALUPE,VALLE DORADO
3201700290001,GUADALUPE,GUADALUPE,JUAN DE LA O
3201700290002,GUADALUPE,GUADALUPE,LA LOMA
3201700290003,GUADALUPE,GUADALUPE,DE LA MALOBRA
3201700290004,GUADALUPE,GUADALUPE,DEL MUERTO
3201700290005,GUADALUPE,GUADALUPE,DEL POCITO
3201700290006,GUADALUPE,GUADALUPE,NINGUNO
3201700290007,GUADALUPE,GUADALUPE,NINGUNO
3201700290008,GUADALUPE,GUADALUPE,DE LA VIRGEN DE SAN JUAN
3201700290009,GUADALUPE,GUADALUPE,ZONA CENTRO
3201700390001,GUADALUPE,GUADALUPE,LAS CALLES
3201700390002,GUADALUPE,GUADALUPE,CENTRO
3201700390003,GUADALUPE,GUADALUPE,LAS COLONIAS
3201700390004,GUADALUPE,GUADALUPE,ESCONDIDO
3201700390005,GUADALUPE,GUADALUPE,EX-HACIENDA
3201700390006,GUADALUPE,GUADALUPE,EL PEDREGAL
3201700390007,GUADALUPE,GUADALUPE,GUADALUPE
3201700390008,GUADALUPE,GUADALUPE,DE LAS HUERTAS
3201700390009,GUADALUPE,GUADALUPE,INDUSTRIAL
3201700390010,GUADALUPE,GUADALUPE,LOMA DEL SOL
3201700390011,GUADALUPE,GUADALUPE,EL MAGUEY
3201700390012,GUADALUPE,GUADALUPE,NUEVO
3201700390013,GUADALUPE,GUADALUPE,EL PEDREGAL
3201700390014,GUADALUPE,GUADALUPE,SAN JOSÉ DEL RÍO
3201700390015,GUADALUPE,GUADALUPE,SAN PEDRO
3201700390016,GUADALUPE,GUADALUPE,SOLIDARIDAD
3201700390017,GUADALUPE,GUADALUPE,SOLIDARIDAD I
3201700390018,GUADALUPE,GUADALUPE,SOLIDARIDAD II
3201700390019,GUADALUPE,GUADALUPE,SOLIDARIDAD II B
3201700420001,GUADALUPE,GUADALUPE,DEL CERRITO
3201700420002,GUADALUPE,GUADALUPE,DEL CHISME
3201700420003,GUADALUPE,GUADALUPE,FÁTIMA
3201700420004,GUADALUPE,GUADALUPE,ZONA CENTRO
3201700430001,GUADALUPE,GUADALUPE,DE ABAJO
3201700430002,GUADALUPE,GUADALUPE,DE ARRIBA
3201700430003,GUADALUPE,GUADALUPE,LAS FLORES
3201700430004,GUADALUPE,GUADALUPE,DEL REBOTE
3201700430005,GUADALUPE,GUADALUPE,NINGUNO
3201800010000,HUANUSCO,HUANUSCO,VARIAS
3201800010001,HUANUSCO,HUANUSCO,EL CERRITO
3201800010002,HUANUSCO,HUANUSCO,LA CONCEPCIÓN
3201800010003,HUANUSCO,HUANUSCO,CRISTINA
3201800010004,HUANUSCO,HUANUSCO,LA ERMITA
3201800010005,HUANUSCO,HUANUSCO,IGLESIA VIEJA
3201800010006,HUANUSCO,HUANUSCO,LAS LAJAS
3201800010007,HUANUSCO,HUANUSCO,LIBERTAD
3201800010008,HUANUSCO,HUANUSCO,LINDAVISTA
3201800010009,HUANUSCO,HUANUSCO,LA MARCELA
3201800010010,HUANUSCO,HUANUSCO,SAN FRANCISCO
3201800010011,HUANUSCO,HUANUSCO,NINGUNO
3201800010012,HUANUSCO,HUANUSCO,ZONA CENTRO
3201900010000,JALPA,JALPA,VARIAS
3201900010001,JALPA,JALPA,DEL ROSARIO
3201900010002,JALPA,JALPA,DEL SAGRADO CORAZÓN
3201900010003,JALPA,JALPA,DEL ARROYO BLANCO
3201900010004,JALPA,JALPA,DEL CARMEN
3201900010005,JALPA,JALPA,GUERRERO
3201900010006,JALPA,JALPA,HIDALGO
3201900010007,JALPA,JALPA,LOMAS DE SAN ANTONIO
3201900010008,JALPA,JALPA,SAN ANTONIO
3201900010009,JALPA,JALPA,COLINAS DE OCCIDENTE
3201900010010,JALPA,JALPA,JACARANDAS
3201900010011,JALPA,JALPA,LAS PALMAS
3201900010012,JALPA,JALPA,LINDAVISTA
3201900010013,JALPA,JALPA,LOMAS DE CHAPULTEPEC
3201900010014,JALPA,JALPA,LOMAS DEL VALLE
3201900010015,JALPA,JALPA,LOS OLMOS
3201900010016,JALPA,JALPA,MAGISTERIAL
3201900010017,JALPA,JALPA,REFORMA
3201900010018,JALPA,JALPA,REVOLUCIÓN
3201900010019,JALPA,JALPA,NINGUNO
3201900010020,JALPA,JALPA,NINGUNO
3201900010021,JALPA,JALPA,NINGUNO
3201900010022,JALPA,JALPA,NINGUNO
3201900010023,JALPA,JALPA,FOVISSSTE
3201900010024,JALPA,JALPA,ZONA CENTRO
3201900010025,JALPA,JALPA,DE LA CRUZ
3201900010026,JALPA,JALPA,LA HACIENDITA
3201900010027,JALPA,JALPA,JARDINES DE SAN JOSÉ
3201900010028,JALPA,JALPA,MESA DEL SANTO
3201900010029,JALPA,JALPA,LA MESITA
3201900010030,JALPA,JALPA,LA MEZQUITERA
3201900010031,JALPA,JALPA,MORELOS
3201900010032,JALPA,JALPA,NINGUNO
3201900010033,JALPA,JALPA,EL ZAPOTITO
3202000010000,JEREZ,JEREZ,VARIAS
3202000010001,JEREZ,JEREZ,20 DE NOVIEMBRE
3202000010002,JEREZ,JEREZ,ALAMEDA
3202000010003,JEREZ,JEREZ,ÁLAMOS
3202000010004,JEREZ,JEREZ,CANDELARIO HUIZAR
3202000010005,JEREZ,JEREZ,CNOP
3202000010006,JEREZ,JEREZ,JUSTO SIERRA
3202000010007,JEREZ,JEREZ,LA CRUZ
3202000010008,JEREZ,JEREZ,LAS PALMAS SEGUNDA ETAPA
3202000010009,JEREZ,JEREZ,ORGANIZACIÓN CAMPESINA
3202000010010,JEREZ,JEREZ,SANTA CRUZ
3202000010011,JEREZ,JEREZ,ARTESANOS
3202000010012,JEREZ,JEREZ,BOSQUES
3202000010013,JEREZ,JEREZ,CAMINO REAL
3202000010014,JEREZ,JEREZ,CANDELARIO HUIZAR
3202000010015,JEREZ,JEREZ,CANDELARIO HUIZAR II
3202000010016,JEREZ,JEREZ,CAXCÁN
3202000010017,JEREZ,JEREZ,CERVANTES CORONA
3202000010018,JEREZ,JEREZ,CHULAVISTA
3202000010019,JEREZ,JEREZ,CIÉNEGA
3202000010020,JEREZ,JEREZ,CNOP
3202000010021,JEREZ,JEREZ,GENERAL MATÍAS RAMOS SANTOS
3202000010022,JEREZ,JEREZ,GUADALUPE
3202000010023,JEREZ,JEREZ,LOS ARQUITOS
3202000010024,JEREZ,JEREZ,CTM
3202000010025,JEREZ,JEREZ,DEPORTIVO
3202000010026,JEREZ,JEREZ,DEPORTIVO II
3202000010027,JEREZ,JEREZ,EL DURAZNILLO
3202000010028,JEREZ,JEREZ,JARDINES DE LA VICTORIA
3202000010029,JEREZ,JEREZ,EL DURAZNO
3202000010030,JEREZ,JEREZ,EL MOLINO
3202000010031,JEREZ,JEREZ,EL MOLINO PRIMERA ETAPA
3202000010032,JEREZ,JEREZ,EL MONTECILLO
3202000010034,JEREZ,JEREZ,EL PEDREGAL
3202000010035,JEREZ,JEREZ,EL VALLE
3202000010036,JEREZ,JEREZ,EL VERGEL
3202000010037,JEREZ,JEREZ,BANRURAL
3202000010038,JEREZ,JEREZ,FOVISSSTE
3202000010039,JEREZ,JEREZ,AZTECA
3202000010040,JEREZ,JEREZ,EL TAURE
3202000010041,JEREZ,JEREZ,FUENSANTA
3202000010042,JEREZ,JEREZ,GRANJAS DEL MOLINO
3202000010043,JEREZ,JEREZ,GUADALUPE
3202000010044,JEREZ,JEREZ,JEREZ
3202000010045,JEREZ,JEREZ,LA CONCEPCIÓN
3202000010046,JEREZ,JEREZ,LA NORIA I
3202000010047,JEREZ,JEREZ,LAS BRISAS
3202000010048,JEREZ,JEREZ,LAS DELICIAS
3202000010049,JEREZ,JEREZ,LAS QUINTAS II
3202000010050,JEREZ,JEREZ,LO DE TAURA
3202000010051,JEREZ,JEREZ,PRIVADA HOSPITAL
3202000010052,JEREZ,JEREZ,UNIÓN SANTA CRUZ
3202000010053,JEREZ,JEREZ,VILLA FLAVIA
3202000010054,JEREZ,JEREZ,FRENTE POPULAR NORTE Y SUR
3202000010055,JEREZ,JEREZ,FRENTE POPULAR DEL SOL
3202000010056,JEREZ,JEREZ,GRANJAS DE SAN ISIDRO
3202000010057,JEREZ,JEREZ,GUADALAJARA
3202000010058,JEREZ,JEREZ,HIDRÁULICA
3202000010059,JEREZ,JEREZ,HUERTAS DE SAN JOSÉ
3202000010060,JEREZ,JEREZ,INFONAVIT (EL CORTIJO)
3202000010061,JEREZ,JEREZ,INFONAVIT (EL PEDREGAL)
3202000010062,JEREZ,JEREZ,JARDINES DE LOS ARCOS
3202000010063,JEREZ,JEREZ,JARDINES DE RAMÓN LÓPEZ VELARDE
3202000010064,JEREZ,JEREZ,JUSTO SIERRA
3202000010065,JEREZ,JEREZ,LA CRUZ
3202000010066,JEREZ,JEREZ,LA CRUZ II ETAPA
3202000010068,JEREZ,JEREZ,LA NORIA
3202000010069,JEREZ,JEREZ,LADRILLERA
3202000010070,JEREZ,JEREZ,LADRILLERA SUR
3202000010071,JEREZ,JEREZ,LAGUNITA
3202000010072,JEREZ,JEREZ,LAS AMÉRICAS
3202000010073,JEREZ,JEREZ,LAS ARTES
3202000010074,JEREZ,JEREZ,LAS HACIENDITAS
3202000010075,JEREZ,JEREZ,LAS PALMAS
3202000010077,JEREZ,JEREZ,LOS ALAMITOS
3202000010078,JEREZ,JEREZ,LOS CARDOS
3202000010079,JEREZ,JEREZ,LOS PINOS
3202000010080,JEREZ,JEREZ,LOS SAUCES
3202000010081,JEREZ,JEREZ,MAGISTERIAL
3202000010082,JEREZ,JEREZ,MAGISTERIAL II
3202000010083,JEREZ,JEREZ,MAGISTERIAL III
3202000010084,JEREZ,JEREZ,MERCADERES
3202000010085,JEREZ,JEREZ,MODELO
3202000010086,JEREZ,JEREZ,NIÑOS HÉROES
3202000010087,JEREZ,JEREZ,NUEVA REFORMA
3202000010088,JEREZ,JEREZ,OBRERA
3202000010089,JEREZ,JEREZ,OLIMPIA
3202000010090,JEREZ,JEREZ,ORGANIZACIÓN CAMPESINA
3202000010091,JEREZ,JEREZ,PATRIA NUEVA
3202000010092,JEREZ,JEREZ,PLAN MAESTRO EL MOLINO
3202000010093,JEREZ,JEREZ,JUSTO SIERRA
3202000010094,JEREZ,JEREZ,LA LOMA DORADA
3202000010095,JEREZ,JEREZ,LAGUNITA
3202000010097,JEREZ,JEREZ,NIÑOS HÉROES
3202000010098,JEREZ,JEREZ,NUEVA REFORMA
3202000010100,JEREZ,JEREZ,REAL DEL VALLE
3202000010101,JEREZ,JEREZ,JARDINES JEREZ
3202000010102,JEREZ,JEREZ,SAN FRANCISCO
3202000010103,JEREZ,JEREZ,SAN ISIDRO
3202000010104,JEREZ,JEREZ,SANTA CRUZ
3202000010105,JEREZ,JEREZ,VILLA FONTANA
3202000010106,JEREZ,JEREZ,ZARAGOZA
3202000010107,JEREZ,JEREZ,ZONA AGRÍCOLA
3202000010108,JEREZ,JEREZ,ZONA CENTRO
3202000010109,JEREZ,JEREZ,NINGUNO
3202000010110,JEREZ,JEREZ,NINGUNO
3202000010111,JEREZ,JEREZ,NINGUNO
3202000010112,JEREZ,JEREZ,NINGUNO
3202000010113,JEREZ,JEREZ,NINGUNO
3202000010114,JEREZ,JEREZ,NINGUNO
3202000010115,JEREZ,JEREZ,NINGUNO
3202000010116,JEREZ,JEREZ,NINGUNO
3202000010117,JEREZ,JEREZ,BAUVANERO
3202000010118,JEREZ,JEREZ,NINGUNO
3202000010119,JEREZ,JEREZ,NINGUNO
3202000010120,JEREZ,JEREZ,NINGUNO
3202000010121,JEREZ,JEREZ,NINGUNO
3202000010122,JEREZ,JEREZ,DON DURITO
3202000010123,JEREZ,JEREZ,PRD
3202000010124,JEREZ,JEREZ,VILLAS DE SAN ISIDRO
3202000010125,JEREZ,JEREZ,CONSTITUYENTES DE 1917
3202000010126,JEREZ,JEREZ,EJIDO DE CIÉNEGA
3202000010127,JEREZ,JEREZ,EL MOLINO
3202000010128,JEREZ,JEREZ,EL MOLINO III
3202000010129,JEREZ,JEREZ,EL MOLINO IV
3202000010130,JEREZ,JEREZ,JARDÍN DEL ÁLAMO
3202000010131,JEREZ,JEREZ,LOMA BLANCA
3202000010132,JEREZ,JEREZ,LOS NOGALES
3202000010133,JEREZ,JEREZ,NINGUNO
3202000010134,JEREZ,JEREZ,SUTSEMOP
3202100010000,JIMÉNEZ DEL TEUL,JIMÉNEZ DEL TEUL,VARIAS
3202100010003,JIMÉNEZ DEL TEUL,JIMÉNEZ DEL TEUL,FLOR DE MAYO
3202100010004,JIMÉNEZ DEL TEUL,JIMÉNEZ DEL TEUL,ALTAVISTA
3202100010006,JIMÉNEZ DEL TEUL,JIMÉNEZ DEL TEUL,TEPETATES
3202100010007,JIMÉNEZ DEL TEUL,JIMÉNEZ DEL TEUL,TLALCOTZAHUATL
3202100010008,JIMÉNEZ DEL TEUL,JIMÉNEZ DEL TEUL,CENTRO
3202100010009,JIMÉNEZ DEL TEUL,JIMÉNEZ DEL TEUL,GANADEROS
3202200010000,JUAN ALDAMA,JUAN ALDAMA,VARIAS
3202200010001,JUAN ALDAMA,JUAN ALDAMA,CERRO DE LA PILA
3202200010002,JUAN ALDAMA,JUAN ALDAMA,CERRO DEL AGUA
3202200010003,JUAN ALDAMA,JUAN ALDAMA,DE LA LOMA
3202200010004,JUAN ALDAMA,JUAN ALDAMA,DE LA PIEDRA ANCHA
3202200010005,JUAN ALDAMA,JUAN ALDAMA,DE LA SEQUÍA
3202200010006,JUAN ALDAMA,JUAN ALDAMA,DE LAS HUERTAS
3202200010007,JUAN ALDAMA,JUAN ALDAMA,DE LOS ZÚÑIGA
3202200010009,JUAN ALDAMA,JUAN ALDAMA,CUARTEL SEXTO
3202200010010,JUAN ALDAMA,JUAN ALDAMA,LAS JARILLAS
3202200010011,JUAN ALDAMA,JUAN ALDAMA,LOS HERNÁNDEZ
3202200010012,JUAN ALDAMA,JUAN ALDAMA,DE LOS PEÑA
3202200010013,JUAN ALDAMA,JUAN ALDAMA,LOS PÉREZ
3202200010014,JUAN ALDAMA,JUAN ALDAMA,MAHOMA
3202200010015,JUAN ALDAMA,JUAN ALDAMA,PASO DE ÁGUILA
3202200010016,JUAN ALDAMA,JUAN ALDAMA,7 DE MARZO
3202200010017,JUAN ALDAMA,JUAN ALDAMA,BRISAS DEL RÍO
3202200010018,JUAN ALDAMA,JUAN ALDAMA,CENTAURO DEL NORTE
3202200010019,JUAN ALDAMA,JUAN ALDAMA,EL MEZQUITAL
3202200010020,JUAN ALDAMA,JUAN ALDAMA,EL PEDREGAL
3202200010021,JUAN ALDAMA,JUAN ALDAMA,LA ALMOLOYA
3202200010022,JUAN ALDAMA,JUAN ALDAMA,LA ROSETILLA
3202200010023,JUAN ALDAMA,JUAN ALDAMA,LAS FLORES
3202200010024,JUAN ALDAMA,JUAN ALDAMA,MAGISTERIAL
3202200010025,JUAN ALDAMA,JUAN ALDAMA,NUEVA AURORA
3202200010026,JUAN ALDAMA,JUAN ALDAMA,NUEVO AMANECER
3202200010027,JUAN ALDAMA,JUAN ALDAMA,ORIENTE
3202200010028,JUAN ALDAMA,JUAN ALDAMA,VILLA ARÉCHIGA
3202200010031,JUAN ALDAMA,JUAN ALDAMA,SAN JOSÉ DE LA CAÑADA
3202200010032,JUAN ALDAMA,JUAN ALDAMA,ZONA CENTRO
3202200010033,JUAN ALDAMA,JUAN ALDAMA,ALBERTO ALBA
3202200010034,JUAN ALDAMA,JUAN ALDAMA,AMÉRICA
3202200010035,JUAN ALDAMA,JUAN ALDAMA,DEL CALVARIO UNO
3202200010036,JUAN ALDAMA,JUAN ALDAMA,DEL CALVARIO DOS
3202200010037,JUAN ALDAMA,JUAN ALDAMA,DE LOS CARRILLO
3202200010038,JUAN ALDAMA,JUAN ALDAMA,LOS CASAS
3202200010039,JUAN ALDAMA,JUAN ALDAMA,DE LOS CASIO
3202200010040,JUAN ALDAMA,JUAN ALDAMA,CUATRO VIENTOS
3202200010041,JUAN ALDAMA,JUAN ALDAMA,GAONA
3202200010042,JUAN ALDAMA,JUAN ALDAMA,LAS JARILLAS
3202200010043,JUAN ALDAMA,JUAN ALDAMA,EL OJITO
3202200010044,JUAN ALDAMA,JUAN ALDAMA,LA PILA
3202200010045,JUAN ALDAMA,JUAN ALDAMA,LA RIVERA
3202200010046,JUAN ALDAMA,JUAN ALDAMA,SAN JUAN DEL MEZQUITAL
3202200010047,JUAN ALDAMA,JUAN ALDAMA,LOS SANDOVAL
3202200010048,JUAN ALDAMA,JUAN ALDAMA,EL TRIÁNGULO
3202300010000,JUCHIPILA,JUCHIPILA,VARIAS
3202300010001,JUCHIPILA,JUCHIPILA,DIAMANTE
3202300010002,JUCHIPILA,JUCHIPILA,CAÑADA DE LOS VÁZQUEZ
3202300010004,JUCHIPILA,JUCHIPILA,LAS AMACAS
3202300010005,JUCHIPILA,JUCHIPILA,LA QUINTA
3202300010006,JUCHIPILA,JUCHIPILA,EL PARAÍSO
3202300010008,JUCHIPILA,JUCHIPILA,SURCO DE NOPALES
3202300010701,JUCHIPILA,JUCHIPILA,CENTRO
3202300010702,JUCHIPILA,JUCHIPILA,CERRO DE ARENA
3202300010704,JUCHIPILA,JUCHIPILA,ENRIQUE ESTRADA
3202300010708,JUCHIPILA,JUCHIPILA,REYNA ELENA
3202300010709,JUCHIPILA,JUCHIPILA,SAN FRANCISCO
3202300010711,JUCHIPILA,JUCHIPILA,VISTA HERMOSA
3202400010000,LORETO,LORETO,VARIAS
3202400010006,LORETO,LORETO,SAN MARCOS
3202400010008,LORETO,LORETO,CENTRO
3202400010009,LORETO,LORETO,SAN SAMUEL I
3202400010010,LORETO,LORETO,LA ESMERALDA
3202400010011,LORETO,LORETO,SAN PABLO
3202400010020,LORETO,LORETO,SAN MARCOS II
3202400010701,LORETO,LORETO,ACEVEDO
3202400010702,LORETO,LORETO,EL SOCORRO
3202400010704,LORETO,LORETO,LOS PUENTES
3202400010705,LORETO,LORETO,ARENAS
3202400010708,LORETO,LORETO,EDUCACIÓN
3202400010711,LORETO,LORETO,LÁZARO CARDENAS
3202400010712,LORETO,LORETO,LLANOS DE SAN MIGUEL
3202400010713,LORETO,LORETO,REAL DE ANGELES
3202400010714,LORETO,LORETO,REFORMA
3202400010715,LORETO,LORETO,REVOLUCIÓN
3202400010716,LORETO,LORETO,SAN FRANCISCO I
3202400010717,LORETO,LORETO,SAN FRANCISCO II
3202400010718,LORETO,LORETO,SAN JUAN
3202400010719,LORETO,LORETO,SAN MANUEL
3202400010722,LORETO,LORETO,SANTA CRUZ
3202400010723,LORETO,LORETO,VEGA
3202400010724,LORETO,LORETO,LOS VIÑEDOS
3202400010725,LORETO,LORETO,LOS ANGELES
3202400010726,LORETO,LORETO,LOS CEDROS
3202400010727,LORETO,LORETO,EL EDÉN
3202400010728,LORETO,LORETO,ESCOBEDO
3202400010729,LORETO,LORETO,LA ESPERANZA I
3202400010730,LORETO,LORETO,LA ESPERANZA II
3202400010731,LORETO,LORETO,LA HUERTITA
3202400010732,LORETO,LORETO,INDEPENDENCIA
3202400010733,LORETO,LORETO,LA MARTINICA I
3202400010734,LORETO,LORETO,LA MARTINICA II
3202400010735,LORETO,LORETO,EL MEZQUITAL
3202400010736,LORETO,LORETO,SAN CARLOS
3202400010737,LORETO,LORETO,SAN GENARO
3202400010739,LORETO,LORETO,LA ESMERALDA
3202400010741,LORETO,LORETO,TORRES
3202400010742,LORETO,LORETO,VALLE DE LORETO
3202400010743,LORETO,LORETO,CENTRO
3202400010744,LORETO,LORETO,LA VICTORIA
3202400010745,LORETO,LORETO,VIÑEDOS
3202400350001,LORETO,LORETO,SAN MARCOS
3202500010000,LUIS MOYA,LUIS MOYA,VARIAS
3202500010002,LUIS MOYA,LUIS MOYA,SAN FRANCISCO III
3202500010701,LUIS MOYA,LUIS MOYA,CAMPESTRE
3202500010702,LUIS MOYA,LUIS MOYA,CENTRO
3202500010703,LUIS MOYA,LUIS MOYA,LAS FLORES
3202500010704,LUIS MOYA,LUIS MOYA,LIBERTAD
3202500010705,LUIS MOYA,LUIS MOYA,MAGISTERIAL
3202500010706,LUIS MOYA,LUIS MOYA,PRADERAS
3202500010707,LUIS MOYA,LUIS MOYA,SAN ANTONIO
3202500010709,LUIS MOYA,LUIS MOYA,SAN FRANCISCO
3202500010710,LUIS MOYA,LUIS MOYA,SAN MIGUEL
3202500010711,LUIS MOYA,LUIS MOYA,UNIDAD DEPORTIVA
3202500010712,LUIS MOYA,LUIS MOYA,LOMAS DE SANTA CRUZ
3202500010713,LUIS MOYA,LUIS MOYA,EL MEZQUITAL
3202500010714,LUIS MOYA,LUIS MOYA,MILPA ALTA
3202500010715,LUIS MOYA,LUIS MOYA,NIÑOS HÉROES
3202600010000,MAZAPIL,MAZAPIL,VARIAS
3202600010001,MAZAPIL,MAZAPIL,MAZAPIL
3202700010000,MELCHOR OCAMPO,MELCHOR OCAMPO,VARIAS
3202700010001,MELCHOR OCAMPO,MELCHOR OCAMPO,MELCHOR OCAMPO
3202800010000,MEZQUITAL DEL ORO,MEZQUITAL DEL ORO,VARIAS
3202800010001,MEZQUITAL DEL ORO,MEZQUITAL DEL ORO,DE ABAJO
3202800010002,MEZQUITAL DEL ORO,MEZQUITAL DEL ORO,DE ARRIBA
3202800010003,MEZQUITAL DEL ORO,MEZQUITAL DEL ORO,DE LA CAMACHA
3202800010004,MEZQUITAL DEL ORO,MEZQUITAL DEL ORO,DE LA CANTERA
3202800010005,MEZQUITAL DEL ORO,MEZQUITAL DEL ORO,CENTRO
3202800010006,MEZQUITAL DEL ORO,MEZQUITAL DEL ORO,FRESNILLO
3202800010007,MEZQUITAL DEL ORO,MEZQUITAL DEL ORO,GUAYABITOS
3202800010008,MEZQUITAL DEL ORO,MEZQUITAL DEL ORO,LINDA VISTA
3202800010009,MEZQUITAL DEL ORO,MEZQUITAL DEL ORO,PLAZA DE TOROS
3202800010010,MEZQUITAL DEL ORO,MEZQUITAL DEL ORO,TRES CUARTILLAS
3202800010011,MEZQUITAL DEL ORO,MEZQUITAL DEL ORO,ALFAREROS
3202900010000,MIGUEL AUZA,MIGUEL AUZA,VARIAS
3202900010001,MIGUEL AUZA,MIGUEL AUZA,BETANIA
3202900010002,MIGUEL AUZA,MIGUEL AUZA,CENTRO
3202900010003,MIGUEL AUZA,MIGUEL AUZA,CHAPULINES
3202900010004,MIGUEL AUZA,MIGUEL AUZA,CONASUPO
3202900010005,MIGUEL AUZA,MIGUEL AUZA,LA LIEBRE
3202900010006,MIGUEL AUZA,MIGUEL AUZA,ESTRELLA
3202900010007,MIGUEL AUZA,MIGUEL AUZA,JARDINES DE LA NUEVA ESPAÑA
3202900010008,MIGUEL AUZA,MIGUEL AUZA,LINDA VISTA
3202900010009,MIGUEL AUZA,MIGUEL AUZA,LAS MINAS
3202900010010,MIGUEL AUZA,MIGUEL AUZA,LAS MAGDALENAS
3202900010012,MIGUEL AUZA,MIGUEL AUZA,EL PARAÍSO
3202900010013,MIGUEL AUZA,MIGUEL AUZA,FRANCISCO VILLA
3202900010014,MIGUEL AUZA,MIGUEL AUZA,DE ABAJO
3202900010015,MIGUEL AUZA,MIGUEL AUZA,DE ARRIBA
3202900010016,MIGUEL AUZA,MIGUEL AUZA,BENITO JUÁREZ
3202900010017,MIGUEL AUZA,MIGUEL AUZA,LA CANTERA
3202900010018,MIGUEL AUZA,MIGUEL AUZA,EL CERRITO
3202900010019,MIGUEL AUZA,MIGUEL AUZA,ESPAÑA
3202900010020,MIGUEL AUZA,MIGUEL AUZA,LA LOMA
3202900010021,MIGUEL AUZA,MIGUEL AUZA,MINAS
3202900010022,MIGUEL AUZA,MIGUEL AUZA,DE SAN MARTÍN
3203000010000,MOMAX,MOMAX,VARIAS
3203000010001,MOMAX,MOMAX,MOMAX
3203100010000,MONTE ESCOBEDO,MONTE ESCOBEDO,VARIAS
3203100010001,MONTE ESCOBEDO,MONTE ESCOBEDO,BUENAVISTA
3203100010002,MONTE ESCOBEDO,MONTE ESCOBEDO,LA CHINA
3203100010003,MONTE ESCOBEDO,MONTE ESCOBEDO,EL DORADO
3203100010004,MONTE ESCOBEDO,MONTE ESCOBEDO,ESMERALDA
3203100010005,MONTE ESCOBEDO,MONTE ESCOBEDO,LAS FLORES
3203100010006,MONTE ESCOBEDO,MONTE ESCOBEDO,LOS FUERTES
3203100010007,MONTE ESCOBEDO,MONTE ESCOBEDO,LA LOMA
3203100010008,MONTE ESCOBEDO,MONTE ESCOBEDO,LOMAS DEL PASO
3203100010009,MONTE ESCOBEDO,MONTE ESCOBEDO,MAGISTERIAL
3203100010010,MONTE ESCOBEDO,MONTE ESCOBEDO,MANUEL M. PONCE
3203100010011,MONTE ESCOBEDO,MONTE ESCOBEDO,LAS MESITAS
3203100010012,MONTE ESCOBEDO,MONTE ESCOBEDO,EL PASO
3203100010013,MONTE ESCOBEDO,MONTE ESCOBEDO,LA PALMA
3203100010014,MONTE ESCOBEDO,MONTE ESCOBEDO,EL PANTANO
3203100010015,MONTE ESCOBEDO,MONTE ESCOBEDO,LAS PILITAS
3203100010016,MONTE ESCOBEDO,MONTE ESCOBEDO,SAN FRANCISCO
3203100010017,MONTE ESCOBEDO,MONTE ESCOBEDO,SANTA CRUZ
3203100010018,MONTE ESCOBEDO,MONTE ESCOBEDO,NINGUNO
3203100010019,MONTE ESCOBEDO,MONTE ESCOBEDO,NINGUNO
3203100010020,MONTE ESCOBEDO,MONTE ESCOBEDO,NINGUNO
3203100010021,MONTE ESCOBEDO,MONTE ESCOBEDO,NINGUNO
3203100010022,MONTE ESCOBEDO,MONTE ESCOBEDO,EL TRASTE
3203100010023,MONTE ESCOBEDO,MONTE ESCOBEDO,ZONA CENTRO
3203200010000,MORELOS,MORELOS,VARIAS
3203200010001,MORELOS,MORELOS,FRANCISCO VILLA
3203200010002,MORELOS,MORELOS,JARDINES DE MORELOS
3203200010003,MORELOS,MORELOS,MONTEREAL
3203200010004,MORELOS,MORELOS,RAMÓN LÓPEZ VELARDE
3203200010005,MORELOS,MORELOS,TRES CONDES
3203200010006,MORELOS,MORELOS,ZONA CENTRO
3203200010007,MORELOS,MORELOS,CALIFORNIA
3203200110001,MORELOS,MORELOS,HACIENDA NUEVA
3203300010000,MOYAHUA DE ESTRADA,MOYAHUA DE ESTRADA,VARIAS
3203300010001,MOYAHUA DE ESTRADA,MOYAHUA DE ESTRADA,ALTO
3203300010002,MOYAHUA DE ESTRADA,MOYAHUA DE ESTRADA,BAJÍO BLANCO
3203300010003,MOYAHUA DE ESTRADA,MOYAHUA DE ESTRADA,BAJO
3203300010004,MOYAHUA DE ESTRADA,MOYAHUA DE ESTRADA,EL CONVENTO
3203300010005,MOYAHUA DE ESTRADA,MOYAHUA DE ESTRADA,SANTA CRUZ
3203300010006,MOYAHUA DE ESTRADA,MOYAHUA DE ESTRADA,SANTA MARÍA
3203300010007,MOYAHUA DE ESTRADA,MOYAHUA DE ESTRADA,NINGUNO
3203300010008,MOYAHUA DE ESTRADA,MOYAHUA DE ESTRADA,ZONA CENTRO
3203300010009,MOYAHUA DE ESTRADA,MOYAHUA DE ESTRADA,EL PARADOR
3203400010000,NOCHISTLÁN DE MEJÍA,NOCHISTLÁN DE MEJÍA,VARIAS
3203400010001,NOCHISTLÁN DE MEJÍA,NOCHISTLÁN DE MEJÍA,ARBOLEDAS
3203400010002,NOCHISTLÁN DE MEJÍA,NOCHISTLÁN DE MEJÍA,LOS ARCOS
3203400010003,NOCHISTLÁN DE MEJÍA,NOCHISTLÁN DE MEJÍA,EL BAJÍO
3203400010004,NOCHISTLÁN DE MEJÍA,NOCHISTLÁN DE MEJÍA,BUGAMBILIAS
3203400010005,NOCHISTLÁN DE MEJÍA,NOCHISTLÁN DE MEJÍA,CENTRO
3203400010006,NOCHISTLÁN DE MEJÍA,NOCHISTLÁN DE MEJÍA,LA GLORIA
3203400010007,NOCHISTLÁN DE MEJÍA,NOCHISTLÁN DE MEJÍA,LAS FUENTES
3203400010008,NOCHISTLÁN DE MEJÍA,NOCHISTLÁN DE MEJÍA,LOMA BONITA
3203400010009,NOCHISTLÁN DE MEJÍA,NOCHISTLÁN DE MEJÍA,QUINTA LOS SAUCES
3203400010010,NOCHISTLÁN DE MEJÍA,NOCHISTLÁN DE MEJÍA,LA QUINTA
3203400010011,NOCHISTLÁN DE MEJÍA,NOCHISTLÁN DE MEJÍA,SUTSEMOP
3203400010013,NOCHISTLÁN DE MEJÍA,NOCHISTLÁN DE MEJÍA,SANTA CECILIA
3203400010014,NOCHISTLÁN DE MEJÍA,NOCHISTLÁN DE MEJÍA,SANTO SANTIAGO
3203400010015,NOCHISTLÁN DE MEJÍA,NOCHISTLÁN DE MEJÍA,LAS 7 ESQUINAS
3203400010016,NOCHISTLÁN DE MEJÍA,NOCHISTLÁN DE MEJÍA,LAS BRISAS
3203400010017,NOCHISTLÁN DE MEJÍA,NOCHISTLÁN DE MEJÍA,DE LA CAPILLA DE GUADALUPE
3203400010018,NOCHISTLÁN DE MEJÍA,NOCHISTLÁN DE MEJÍA,GUADALUPANO
3203400010019,NOCHISTLÁN DE MEJÍA,NOCHISTLÁN DE MEJÍA,LA GUERRERO
3203400010020,NOCHISTLÁN DE MEJÍA,NOCHISTLÁN DE MEJÍA,HOSPITAL
3203400010021,NOCHISTLÁN DE MEJÍA,NOCHISTLÁN DE MEJÍA,LA JUÁREZ
3203400010022,NOCHISTLÁN DE MEJÍA,NOCHISTLÁN DE MEJÍA,LOMAS DEL ACUEDUCTO
3203400010023,NOCHISTLÁN DE MEJÍA,NOCHISTLÁN DE MEJÍA,LA MEJIA
3203400010024,NOCHISTLÁN DE MEJÍA,NOCHISTLÁN DE MEJÍA,LAS PALMITAS
3203400010025,NOCHISTLÁN DE MEJÍA,NOCHISTLÁN DE MEJÍA,SAN JOSÉ
3203400010026,NOCHISTLÁN DE MEJÍA,NOCHISTLÁN DE MEJÍA,SAN MIGUEL
3203400010027,NOCHISTLÁN DE MEJÍA,NOCHISTLÁN DE MEJÍA,SAN PABLO
3203400010028,NOCHISTLÁN DE MEJÍA,NOCHISTLÁN DE MEJÍA,SAN SEBASTIÁN
3203400010029,NOCHISTLÁN DE MEJÍA,NOCHISTLÁN DE MEJÍA,LA SECUNDARIA
3203400010030,NOCHISTLÁN DE MEJÍA,NOCHISTLÁN DE MEJÍA,NINGUNO
3203400010031,NOCHISTLÁN DE MEJÍA,NOCHISTLÁN DE MEJÍA,NINGUNO
3203400010032,NOCHISTLÁN DE MEJÍA,NOCHISTLÁN DE MEJÍA,NINGUNO
3203400010033,NOCHISTLÁN DE MEJÍA,NOCHISTLÁN DE MEJÍA,SUBURBIO ARROYOS CUATES
3203400010034,NOCHISTLÁN DE MEJÍA,NOCHISTLÁN DE MEJÍA,SUBURBIO NORTE
3203400010035,NOCHISTLÁN DE MEJÍA,NOCHISTLÁN DE MEJÍA,CHULA VISTA
3203400010036,NOCHISTLÁN DE MEJÍA,NOCHISTLÁN DE MEJÍA,CLUB CINEGÉTICO
3203400010037,NOCHISTLÁN DE MEJÍA,NOCHISTLÁN DE MEJÍA,COLINAS DEL SOL
3203400010038,NOCHISTLÁN DE MEJÍA,NOCHISTLÁN DE MEJÍA,EL JALOQUE
3203400010039,NOCHISTLÁN DE MEJÍA,NOCHISTLÁN DE MEJÍA,ROLY
3203500010000,NORIA DE ÁNGELES,NORIA DE ÁNGELES,VARIAS
3203500010002,NORIA DE ÁNGELES,NORIA DE ÁNGELES,DE LOS LÓPEZ
3203500010003,NORIA DE ÁNGELES,NORIA DE ÁNGELES,MINERA
3203500010004,NORIA DE ÁNGELES,NORIA DE ÁNGELES,ZONA CENTRO
3203600010000,OJOCALIENTE,OJOCALIENTE,VARIAS
3203600010002,OJOCALIENTE,OJOCALIENTE,EL TRÉBOL
3203600010052,OJOCALIENTE,OJOCALIENTE,EL MEZQUITAL
3203600010054,OJOCALIENTE,OJOCALIENTE,CAMPESINA
3203600010701,OJOCALIENTE,OJOCALIENTE,CENTRO
3203600010702,OJOCALIENTE,OJOCALIENTE,CHINAMPAS
3203600010703,OJOCALIENTE,OJOCALIENTE,EL HÚMEDO
3203600010704,OJOCALIENTE,OJOCALIENTE,INDECO
3203600010705,OJOCALIENTE,OJOCALIENTE,JERUSALÉN
3203600010706,OJOCALIENTE,OJOCALIENTE,LÁZARO CARDENAS
3203600010707,OJOCALIENTE,OJOCALIENTE,LUIS REYES
3203600010708,OJOCALIENTE,OJOCALIENTE,MARTELL
3203600010709,OJOCALIENTE,OJOCALIENTE,NUEVO OJOCALIENTE
3203600010712,OJOCALIENTE,OJOCALIENTE,PARGA
3203600010713,OJOCALIENTE,OJOCALIENTE,EL PORTALITO
3203600010714,OJOCALIENTE,OJOCALIENTE,REAL BASTIDAS
3203600010715,OJOCALIENTE,OJOCALIENTE,REGINALDO SANDOVAL
3203600010716,OJOCALIENTE,OJOCALIENTE,RENACIMIENTO
3203600010717,OJOCALIENTE,OJOCALIENTE,SAN JORGE
3203600010718,OJOCALIENTE,OJOCALIENTE,SAN MIGUEL
3203600010719,OJOCALIENTE,OJOCALIENTE,SAN PEDRO
3203600010720,OJOCALIENTE,OJOCALIENTE,VETERANOS DE LA REVOLUCIÓN
3203600010721,OJOCALIENTE,OJOCALIENTE,VILLITAS
3203600010722,OJOCALIENTE,OJOCALIENTE,BENITO JUÁREZ
3203600010724,OJOCALIENTE,OJOCALIENTE,CASA BLANCA
3203600010725,OJOCALIENTE,OJOCALIENTE,FELIPE HARRERA VILLALOBOS
3203600010726,OJOCALIENTE,OJOCALIENTE,HUERTA SANTA TERESA
3203600010728,OJOCALIENTE,OJOCALIENTE,NOMBRE DE DIOS
3203600010729,OJOCALIENTE,OJOCALIENTE,PAMANES ESCOBEDO PRIMERA SECCIÓN
3203600010730,OJOCALIENTE,OJOCALIENTE,PAMANES ESCOBEDO SEGUNDA SECCIÓN
3203600010731,OJOCALIENTE,OJOCALIENTE,PAMANES ESCOBEDO TERCERA SECCIÓN
3203600010732,OJOCALIENTE,OJOCALIENTE,EL PAPANTÓN I
3203600010733,OJOCALIENTE,OJOCALIENTE,EL PAPANTÓN II
3203600010735,OJOCALIENTE,OJOCALIENTE,LAS LOMAS
3203700010000,PÁNUCO,PÁNUCO,VARIAS
3203700010001,PÁNUCO,PÁNUCO,DE LA CALLECITA
3203700010002,PÁNUCO,PÁNUCO,DEL CALVARIO
3203700010003,PÁNUCO,PÁNUCO,DE LA CANADÁ
3203700010004,PÁNUCO,PÁNUCO,CENTRO (LA PLAZA)
3203700010005,PÁNUCO,PÁNUCO,EL CERRITO
3203700010006,PÁNUCO,PÁNUCO,DE LA FUENTE
3203700010007,PÁNUCO,PÁNUCO,MINERA
3203700010008,PÁNUCO,PÁNUCO,EL MIRADOR
3203700010009,PÁNUCO,PÁNUCO,NIÑOS HÉROES
3203700010010,PÁNUCO,PÁNUCO,DE LA PLAZUELA
3203700010011,PÁNUCO,PÁNUCO,DEL PUEBLITO
3203700010012,PÁNUCO,PÁNUCO,SIERRA DE ÁLICA
3203700160002,PÁNUCO,PÁNUCO,CERRO DE LA SILLA
3203700160003,PÁNUCO,PÁNUCO,CERRO LOS CHILITOS
3203700160004,PÁNUCO,PÁNUCO,LAS COLONIAS
3203700160005,PÁNUCO,PÁNUCO,CONABAY
3203700160006,PÁNUCO,PÁNUCO,LA LOMA
3203700160007,PÁNUCO,PÁNUCO,DE LA LOMITA
3203700160008,PÁNUCO,PÁNUCO,EL SALTO
3203700160009,PÁNUCO,PÁNUCO,LA SIERRA
3203700160010,PÁNUCO,PÁNUCO,NINGUNO
3203700160011,PÁNUCO,PÁNUCO,LAS VÍBORAS
3203700160012,PÁNUCO,PÁNUCO,ZONA CENTRO
3203700210002,PÁNUCO,PÁNUCO,DE ABAJO
3203700210003,PÁNUCO,PÁNUCO,LOS ACUÑA
3203700210004,PÁNUCO,PÁNUCO,LOS ARTEAGA
3203700210005,PÁNUCO,PÁNUCO,EL BAJÍO
3203700210006,PÁNUCO,PÁNUCO,LOS QUIÑONES
3203700210007,PÁNUCO,PÁNUCO,LA SECADORA
3203700210008,PÁNUCO,PÁNUCO,DE LA SECUNDARIA
3203700210009,PÁNUCO,PÁNUCO,ZONA CENTRO
3203800010000,PINOS,PINOS,VARIAS
3203800010001,PINOS,PINOS,AYUNTAMIENTO
3203800010002,PINOS,PINOS,GUADALUPE
3203800010003,PINOS,PINOS,LAS TINAJAS
3203800010004,PINOS,PINOS,MAGISTERIAL
3203800010005,PINOS,PINOS,CENTRO
3203800010006,PINOS,PINOS,SAN JUANICO
3203800010007,PINOS,PINOS,SANTA CECILIA
3203800010008,PINOS,PINOS,TLAXCALA
3203800010009,PINOS,PINOS,NINGUNO
3203800010010,PINOS,PINOS,SAN FRANCISCO DE LAS ROSAS
3203800010011,PINOS,PINOS,SIERRA DE PINOS
3203801250001,PINOS,PINOS,PEDREGOSO
3203900010000,RÍO GRANDE,RÍO GRANDE,VARIAS
3203900010001,RÍO GRANDE,RÍO GRANDE,DEL CUERO
3203900010002,RÍO GRANDE,RÍO GRANDE,LA ESTRELLA
3203900010003,RÍO GRANDE,RÍO GRANDE,LA LOMA
3203900010004,RÍO GRANDE,RÍO GRANDE,LÁZARO CÁRDENAS (LAS PALOMAS)
3203900010005,RÍO GRANDE,RÍO GRANDE,LOS CARRILLO
3203900010006,RÍO GRANDE,RÍO GRANDE,AZTECA
3203900010007,RÍO GRANDE,RÍO GRANDE,BUENOS AIRES
3203900010008,RÍO GRANDE,RÍO GRANDE,CTM
3203900010009,RÍO GRANDE,RÍO GRANDE,CENTRO
3203900010010,RÍO GRANDE,RÍO GRANDE,COLONOS URBANOS
3203900010011,RÍO GRANDE,RÍO GRANDE,DE SAN LORENZO
3203900010012,RÍO GRANDE,RÍO GRANDE,DEL NORTE
3203900010013,RÍO GRANDE,RÍO GRANDE,EL MIRADOR
3203900010014,RÍO GRANDE,RÍO GRANDE,FLORES MAGÓN
3203900010015,RÍO GRANDE,RÍO GRANDE,HALCONES
3203900010016,RÍO GRANDE,RÍO GRANDE,IGNACIO ALLENDE (SANTA TERESA)
3203900010017,RÍO GRANDE,RÍO GRANDE,IMPERIO AZTECA
3203900010018,RÍO GRANDE,RÍO GRANDE,JARDINES DEL RÍO
3203900010019,RÍO GRANDE,RÍO GRANDE,LA CUESTA
3203900010020,RÍO GRANDE,RÍO GRANDE,LA LUZ
3203900010021,RÍO GRANDE,RÍO GRANDE,LLANEROS
3203900010022,RÍO GRANDE,RÍO GRANDE,LOMAS DEL SOL
3203900010023,RÍO GRANDE,RÍO GRANDE,LÓPEZ MATEOS
3203900010024,RÍO GRANDE,RÍO GRANDE,SAN JOAQUÍN
3203900010025,RÍO GRANDE,RÍO GRANDE,TEPEYAC
3203900010026,RÍO GRANDE,RÍO GRANDE,VICENTE GUERRERO
3203900010027,RÍO GRANDE,RÍO GRANDE,VISTA HERMOSA
3203900010028,RÍO GRANDE,RÍO GRANDE,DE LA VIVIENDA RURAL
3203900010029,RÍO GRANDE,RÍO GRANDE,CENTRAL CAMPESINA INDEPENDIENTE
3203900010030,RÍO GRANDE,RÍO GRANDE,DEL CEBETA
3203900010031,RÍO GRANDE,RÍO GRANDE,EL BAJÍO
3203900010032,RÍO GRANDE,RÍO GRANDE,EL MEZQUITAL
3203900010033,RÍO GRANDE,RÍO GRANDE,ESTRELLA
3203900010034,RÍO GRANDE,RÍO GRANDE,LA HACIENDA
3203900010035,RÍO GRANDE,RÍO GRANDE,LA VICTORIA
3203900010036,RÍO GRANDE,RÍO GRANDE,LOS ÁLAMOS
3203900010037,RÍO GRANDE,RÍO GRANDE,LOS DURAZNOS
3203900010038,RÍO GRANDE,RÍO GRANDE,LUIS DONALDO COLOSIO
3203900010039,RÍO GRANDE,RÍO GRANDE,RUIZ CORTÍNEZ
3203900010040,RÍO GRANDE,RÍO GRANDE,SUTSEMOP
3203900010041,RÍO GRANDE,RÍO GRANDE,TRINIDAD
3203900010042,RÍO GRANDE,RÍO GRANDE,VILLA PALOMA
3203900010043,RÍO GRANDE,RÍO GRANDE,NINGUNO
3203900010046,RÍO GRANDE,RÍO GRANDE,DEPORTIVA
3203900010047,RÍO GRANDE,RÍO GRANDE,NINGUNO
3203900200001,RÍO GRANDE,RÍO GRANDE,LORETO
3203900200002,RÍO GRANDE,RÍO GRANDE,SAN JUAN
3204000010000,SAIN ALTO,SAIN ALTO,VARIAS
3204000010001,SAIN ALTO,SAIN ALTO,ACEQUIA GRANDE
3204000010002,SAIN ALTO,SAIN ALTO,CERRO DE SAN ANTONIO
3204000010004,SAIN ALTO,SAIN ALTO,DEL MORO
3204000010005,SAIN ALTO,SAIN ALTO,EL RINCÓN DEL OSO
3204000010006,SAIN ALTO,SAIN ALTO,EL TRIQUE
3204000010007,SAIN ALTO,SAIN ALTO,LA BOQUILLA
3204000010008,SAIN ALTO,SAIN ALTO,LA TINAJA
3204000010010,SAIN ALTO,SAIN ALTO,LAS PILAS
3204000010011,SAIN ALTO,SAIN ALTO,LOS COLORADOS
3204000010012,SAIN ALTO,SAIN ALTO,LOS TANQUES
3204000010013,SAIN ALTO,SAIN ALTO,NUEVO
3204000010014,SAIN ALTO,SAIN ALTO,OJOCALIENTE
3204000010016,SAIN ALTO,SAIN ALTO,EL PRADO DE LAS DELICIAS
3204000010017,SAIN ALTO,SAIN ALTO,LA CRUZ VERDE
3204000010018,SAIN ALTO,SAIN ALTO,LAS HACIENDAS
3204000010019,SAIN ALTO,SAIN ALTO,LAS LETRAS
3204000010020,SAIN ALTO,SAIN ALTO,ZONA CENTRO
3204000010021,SAIN ALTO,SAIN ALTO,APOSENTILLO
3204000010022,SAIN ALTO,SAIN ALTO,LAS PEÑAS
3204000010023,SAIN ALTO,SAIN ALTO,VECINOS DE ZACATECAS
3204100010000,EL SALVADOR,EL SALVADOR,VARIAS
3204100010001,EL SALVADOR,EL SALVADOR,EL SALVADOR
3204200010000,SOMBRERETE,SOMBRERETE,VARIAS
3204200010001,SOMBRERETE,SOMBRERETE,AMPLIACIÓN LÓPEZ MATEOS
3204200010002,SOMBRERETE,SOMBRERETE,EL ARTEZÓN
3204200010003,SOMBRERETE,SOMBRERETE,LA BLANCA
3204200010004,SOMBRERETE,SOMBRERETE,LAS BODEGAS
3204200010005,SOMBRERETE,SOMBRERETE,LA CARIDAD
3204200010006,SOMBRERETE,SOMBRERETE,CENTRO
3204200010007,SOMBRERETE,SOMBRERETE,CERRITO DE GUADALUPE
3204200010008,SOMBRERETE,SOMBRERETE,EL CHAHUITA
3204200010009,SOMBRERETE,SOMBRERETE,LA CUEVA
3204200010010,SOMBRERETE,SOMBRERETE,DE LA CANDELARIA
3204200010011,SOMBRERETE,SOMBRERETE,DE LOS MÚSICOS
3204200010012,SOMBRERETE,SOMBRERETE,DEL ORO
3204200010013,SOMBRERETE,SOMBRERETE,DEL PEÑASCO
3204200010014,SOMBRERETE,SOMBRERETE,DIVISIÓN DEL NORTE
3204200010015,SOMBRERETE,SOMBRERETE,LAS ESCOBILLAS
3204200010016,SOMBRERETE,SOMBRERETE,LAS FLORES
3204200010017,SOMBRERETE,SOMBRERETE,FOVISSSTE
3204200010018,SOMBRERETE,SOMBRERETE,LA HUERTA
3204200010019,SOMBRERETE,SOMBRERETE,HUERTAS DE LOS SANTOS NIÑOS
3204200010020,SOMBRERETE,SOMBRERETE,HUERTAS GRANDES
3204200010021,SOMBRERETE,SOMBRERETE,LAS HUERTAS
3204200010022,SOMBRERETE,SOMBRERETE,INDUSTRIAL
3204200010023,SOMBRERETE,SOMBRERETE,INFONAVIT
3204200010024,SOMBRERETE,SOMBRERETE,LA LOMA COLORADA
3204200010025,SOMBRERETE,SOMBRERETE,LOMAS DEL CONSUELO
3204200010026,SOMBRERETE,SOMBRERETE,LÓPEZ MATEOS
3204200010027,SOMBRERETE,SOMBRERETE,LUIS DONALDO COLOSIO
3204200010028,SOMBRERETE,SOMBRERETE,LA PERLA
3204200010029,SOMBRERETE,SOMBRERETE,LA PILA
3204200010030,SOMBRERETE,SOMBRERETE,LAS PLAYAS
3204200010032,SOMBRERETE,SOMBRERETE,REAL BASTIDAS
3204200010033,SOMBRERETE,SOMBRERETE,SAN PEDRO
3204200010034,SOMBRERETE,SOMBRERETE,SAN PEDRO
3204200010035,SOMBRERETE,SOMBRERETE,SANTA ROSA
3204200010036,SOMBRERETE,SOMBRERETE,LA SANTIAGA
3204200010037,SOMBRERETE,SOMBRERETE,SANTO DOMINGO
3204200010038,SOMBRERETE,SOMBRERETE,LA SOLEDAD
3204200010039,SOMBRERETE,SOMBRERETE,SOMBRERETILLO
3204200010040,SOMBRERETE,SOMBRERETE,LA URBANEJA
3204200010041,SOMBRERETE,SOMBRERETE,COLINAS DEL MINERAL
3204200010042,SOMBRERETE,SOMBRERETE,DEL VALLE
3204200010043,SOMBRERETE,SOMBRERETE,LA CUESTA
3204200010044,SOMBRERETE,SOMBRERETE,LA PRADERA
3204200010045,SOMBRERETE,SOMBRERETE,MAGISTERIAL I
3204200010046,SOMBRERETE,SOMBRERETE,MAGISTERIAL II
3204200420002,SOMBRERETE,SOMBRERETE,NUEVA
3204200420003,SOMBRERETE,SOMBRERETE,SECTOR 1 (DEL PUJIDO)
3204200420004,SOMBRERETE,SOMBRERETE,SECTOR 2
3204200420005,SOMBRERETE,SOMBRERETE,SECTOR 3 (DE LAS HILACHAS)
3204200420006,SOMBRERETE,SOMBRERETE,SECTOR 4 (DE LAS RATAS)
3204200420007,SOMBRERETE,SOMBRERETE,NINGUNO
3204201760002,SOMBRERETE,SOMBRERETE,FERNANDEZ CARRILLO
3204201760003,SOMBRERETE,SOMBRERETE,FRANCISCO R. MURGUÍA
3204201760004,SOMBRERETE,SOMBRERETE,MILPILLAS
3204300010000,SUSTICACÁN,SUSTICACÁN,VARIAS
3204300010002,SUSTICACÁN,SUSTICACÁN,DE ABAJO
3204300010003,SUSTICACÁN,SUSTICACÁN,DE ARRIBA
3204300010004,SUSTICACÁN,SUSTICACÁN,LOMA BLANCA
3204300010005,SUSTICACÁN,SUSTICACÁN,DE LA PALMA
3204400010000,TABASCO,TABASCO,VARIAS
3204400010001,TABASCO,TABASCO,LA CAPILLA
3204400010002,TABASCO,TABASCO,SAN JOSÉ
3204400010003,TABASCO,TABASCO,SAN NICOLÁS
3204400010004,TABASCO,TABASCO,BALCONCITOS
3204400010005,TABASCO,TABASCO,BENITO JUÁREZ
3204400010006,TABASCO,TABASCO,CENTRO
3204400010007,TABASCO,TABASCO,EL MIRADOR
3204400010008,TABASCO,TABASCO,EL REFUGIO
3204400010009,TABASCO,TABASCO,LINDA VISTA
3204400010010,TABASCO,TABASCO,MAGISTERIAL
3204400010011,TABASCO,TABASCO,SECUNDARIA
3204400010012,TABASCO,TABASCO,ARBOLEDAS I Y II
3204400010013,TABASCO,TABASCO,DEL PARQUE
3204400010014,TABASCO,TABASCO,FELIPE DEL REAL I Y II
3204400010015,TABASCO,TABASCO,LA MESITA
3204400010016,TABASCO,TABASCO,LOMAS DE SOLIDARIDAD
3204400010017,TABASCO,TABASCO,MONASTERIO
3204400010018,TABASCO,TABASCO,LA TEZONTLA
3204400010020,TABASCO,TABASCO,NINGUNO
3204500010000,TEPECHITLÁN,TEPECHITLÁN,VARIAS
3204500010001,TEPECHITLÁN,TEPECHITLÁN,CHICAGO
3204500010002,TEPECHITLÁN,TEPECHITLÁN,LA CUMBRITA
3204500010003,TEPECHITLÁN,TEPECHITLÁN,DEL MARIACHI
3204500010004,TEPECHITLÁN,TEPECHITLÁN,TEPECHITLÁN
3204600010000,TEPETONGO,TEPETONGO,VARIAS
3204600010001,TEPETONGO,TEPETONGO,20 DE NOVIEMBRE
3204600010002,TEPETONGO,TEPETONGO,AMÉRICA
3204600010003,TEPETONGO,TEPETONGO,CANTERA
3204600010004,TEPETONGO,TEPETONGO,CENTRO
3204600010005,TEPETONGO,TEPETONGO,CHIHUAHUA
3204600010006,TEPETONGO,TEPETONGO,COYOTES
3204600010007,TEPETONGO,TEPETONGO,LAS CUMBRES
3204600010008,TEPETONGO,TEPETONGO,INDEPENDENCIA
3204600010009,TEPETONGO,TEPETONGO,NINGUNO
3204600010010,TEPETONGO,TEPETONGO,NINGUNO
3204600010011,TEPETONGO,TEPETONGO,NINGUNO
3204600010012,TEPETONGO,TEPETONGO,NINGUNO
3204600010013,TEPETONGO,TEPETONGO,SOLIDARIDAD
3204600010014,TEPETONGO,TEPETONGO,UNIDAD DEPORTIVA
3204700010000,TEÚL DE GONZÁLEZ ORTEGA,TEÚL DE GONZÁLEZ ORTEGA,VARIAS
3204700010001,TEÚL DE GONZÁLEZ ORTEGA,TEÚL DE GONZÁLEZ ORTEGA,CENTRO
3204700010002,TEÚL DE GONZÁLEZ ORTEGA,TEÚL DE GONZÁLEZ ORTEGA,AGAVE
3204700010003,TEÚL DE GONZÁLEZ ORTEGA,TEÚL DE GONZÁLEZ ORTEGA,EL SALTITO
3204700010004,TEÚL DE GONZÁLEZ ORTEGA,TEÚL DE GONZÁLEZ ORTEGA,TEULITO
3204700010005,TEÚL DE GONZÁLEZ ORTEGA,TEÚL DE GONZÁLEZ ORTEGA,VALLE VERDE
3204800010000,TLALTENANGO DE SÁNCHEZ ROMÁN,TLALTENANGO DE SÁNCHEZ ROMÁN,VARIAS
3204800010001,TLALTENANGO DE SÁNCHEZ ROMÁN,TLALTENANGO DE SÁNCHEZ ROMÁN,GOTERAS II
3204800010002,TLALTENANGO DE SÁNCHEZ ROMÁN,TLALTENANGO DE SÁNCHEZ ROMÁN,ALTO
3204800010003,TLALTENANGO DE SÁNCHEZ ROMÁN,TLALTENANGO DE SÁNCHEZ ROMÁN,BRISAS DEL RÍO
3204800010004,TLALTENANGO DE SÁNCHEZ ROMÁN,TLALTENANGO DE SÁNCHEZ ROMÁN,ZONA CENTRO
3204800010006,TLALTENANGO DE SÁNCHEZ ROMÁN,TLALTENANGO DE SÁNCHEZ ROMÁN,LAS CONCHAS
3204800010007,TLALTENANGO DE SÁNCHEZ ROMÁN,TLALTENANGO DE SÁNCHEZ ROMÁN,LA HACIENDITA
3204800010009,TLALTENANGO DE SÁNCHEZ ROMÁN,TLALTENANGO DE SÁNCHEZ ROMÁN,DON QUIJOTE
3204800010011,TLALTENANGO DE SÁNCHEZ ROMÁN,TLALTENANGO DE SÁNCHEZ ROMÁN,GOTERAS I
3204800010012,TLALTENANGO DE SÁNCHEZ ROMÁN,TLALTENANGO DE SÁNCHEZ ROMÁN,HACIENDA REAL
3204800010014,TLALTENANGO DE SÁNCHEZ ROMÁN,TLALTENANGO DE SÁNCHEZ ROMÁN,SAN FRANCISCO
3204800010015,TLALTENANGO DE SÁNCHEZ ROMÁN,TLALTENANGO DE SÁNCHEZ ROMÁN,LAS LOMITAS
3204800010016,TLALTENANGO DE SÁNCHEZ ROMÁN,TLALTENANGO DE SÁNCHEZ ROMÁN,MISIÓN DE SAN FRANCISCO
3204800010017,TLALTENANGO DE SÁNCHEZ ROMÁN,TLALTENANGO DE SÁNCHEZ ROMÁN,LAS MORITAS
3204800010018,TLALTENANGO DE SÁNCHEZ ROMÁN,TLALTENANGO DE SÁNCHEZ ROMÁN,MORONES
3204800010019,TLALTENANGO DE SÁNCHEZ ROMÁN,TLALTENANGO DE SÁNCHEZ ROMÁN,LA CORONA
3204800010020,TLALTENANGO DE SÁNCHEZ ROMÁN,TLALTENANGO DE SÁNCHEZ ROMÁN,EL OBISPO
3204800010021,TLALTENANGO DE SÁNCHEZ ROMÁN,TLALTENANGO DE SÁNCHEZ ROMÁN,INDEPENDENCIA
3204800010024,TLALTENANGO DE SÁNCHEZ ROMÁN,TLALTENANGO DE SÁNCHEZ ROMÁN,SAN FELIPE
3204800010026,TLALTENANGO DE SÁNCHEZ ROMÁN,TLALTENANGO DE SÁNCHEZ ROMÁN,SAN JOSÉ
3204800010028,TLALTENANGO DE SÁNCHEZ ROMÁN,TLALTENANGO DE SÁNCHEZ ROMÁN,SAN PASCUAL
3204800010029,TLALTENANGO DE SÁNCHEZ ROMÁN,TLALTENANGO DE SÁNCHEZ ROMÁN,SAUCES
3204800010030,TLALTENANGO DE SÁNCHEZ ROMÁN,TLALTENANGO DE SÁNCHEZ ROMÁN,TABACHINES
3204800010031,TLALTENANGO DE SÁNCHEZ ROMÁN,TLALTENANGO DE SÁNCHEZ ROMÁN,VALLE VERDE
3204800010033,TLALTENANGO DE SÁNCHEZ ROMÁN,TLALTENANGO DE SÁNCHEZ ROMÁN,VERACRUZ
3204800010034,TLALTENANGO DE SÁNCHEZ ROMÁN,TLALTENANGO DE SÁNCHEZ ROMÁN,VISTA HERMOSA
3204800010035,TLALTENANGO DE SÁNCHEZ ROMÁN,TLALTENANGO DE SÁNCHEZ ROMÁN,ARBOLEDAS
3204800010036,TLALTENANGO DE SÁNCHEZ ROMÁN,TLALTENANGO DE SÁNCHEZ ROMÁN,BUENA VISTA
3204800010037,TLALTENANGO DE SÁNCHEZ ROMÁN,TLALTENANGO DE SÁNCHEZ ROMÁN,COLONIAS NUEVAS
3204800010038,TLALTENANGO DE SÁNCHEZ ROMÁN,TLALTENANGO DE SÁNCHEZ ROMÁN,LOMAS DEL COUTRY
3204800010039,TLALTENANGO DE SÁNCHEZ ROMÁN,TLALTENANGO DE SÁNCHEZ ROMÁN,LA MORITA
3204800010040,TLALTENANGO DE SÁNCHEZ ROMÁN,TLALTENANGO DE SÁNCHEZ ROMÁN,EL REFUGIO
3204800010041,TLALTENANGO DE SÁNCHEZ ROMÁN,TLALTENANGO DE SÁNCHEZ ROMÁN,SANTA CRUZ
3204800010042,TLALTENANGO DE SÁNCHEZ ROMÁN,TLALTENANGO DE SÁNCHEZ ROMÁN,NINGUNO
3204800010043,TLALTENANGO DE SÁNCHEZ ROMÁN,TLALTENANGO DE SÁNCHEZ ROMÁN,EL TECOLOTE
3204800010044,TLALTENANGO DE SÁNCHEZ ROMÁN,TLALTENANGO DE SÁNCHEZ ROMÁN,ZONA MILITAR
3204900010000,VALPARAÍSO,VALPARAÍSO,VARIAS
3204900010001,VALPARAÍSO,VALPARAÍSO,AMECA
3204900010002,VALPARAÍSO,VALPARAÍSO,ARROYO DE ATOTONILCO
3204900010003,VALPARAÍSO,VALPARAÍSO,DE GUANAJUATO
3204900010004,VALPARAÍSO,VALPARAÍSO,DE LA ALAMEDA
3204900010005,VALPARAÍSO,VALPARAÍSO,DE LA LENTEJITA
3204900010006,VALPARAÍSO,VALPARAÍSO,DE LOS BARRIOS
3204900010007,VALPARAÍSO,VALPARAÍSO,DEL PANALITO
3204900010008,VALPARAÍSO,VALPARAÍSO,DEL REFUGIO
3204900010009,VALPARAÍSO,VALPARAÍSO,CLUB CAMPESTRE
3204900010010,VALPARAÍSO,VALPARAÍSO,AGUA FRÍA
3204900010011,VALPARAÍSO,VALPARAÍSO,ARROYO DEL GACHUPÍN
3204900010012,VALPARAÍSO,VALPARAÍSO,BUENA VISTA
3204900010013,VALPARAÍSO,VALPARAÍSO,CENTRO
3204900010014,VALPARAÍSO,VALPARAÍSO,DEPORTIVA
3204900010015,VALPARAÍSO,VALPARAÍSO,EL LAGO
3204900010016,VALPARAÍSO,VALPARAÍSO,EMILIANO ZAPATA
3204900010017,VALPARAÍSO,VALPARAÍSO,FRANCISCO I. MADERO
3204900010018,VALPARAÍSO,VALPARAÍSO,LA JOYITA
3204900010020,VALPARAÍSO,VALPARAÍSO,LA TOMA
3204900010021,VALPARAÍSO,VALPARAÍSO,LA VIÑA
3204900010022,VALPARAÍSO,VALPARAÍSO,LAS AMÉRICAS
3204900010023,VALPARAÍSO,VALPARAÍSO,LAS ROSAS
3204900010024,VALPARAÍSO,VALPARAÍSO,LOS ARCOS
3204900010025,VALPARAÍSO,VALPARAÍSO,MÉXICO
3204900010026,VALPARAÍSO,VALPARAÍSO,SANTA RITA
3204900010027,VALPARAÍSO,VALPARAÍSO,SIMÓN BOLÍVAR
3204900010028,VALPARAÍSO,VALPARAÍSO,UNIDAD DEPORTIVA
3204900010029,VALPARAÍSO,VALPARAÍSO,ATOTONILCO
3204900010030,VALPARAÍSO,VALPARAÍSO,ENRIQUE ESTRADA
3204900010031,VALPARAÍSO,VALPARAÍSO,LA LAGUNILLA
3204900010032,VALPARAÍSO,VALPARAÍSO,LOMAS DEL PARAÍSO
3204900010033,VALPARAÍSO,VALPARAÍSO,LOMAS DEL VALLE
3204900010034,VALPARAÍSO,VALPARAÍSO,LÓPEZ VELARDE
3204900010035,VALPARAÍSO,VALPARAÍSO,MAGISTERIAL
3204900010036,VALPARAÍSO,VALPARAÍSO,MAGISTERIAL SIERRA DORADA
3204900010037,VALPARAÍSO,VALPARAÍSO,MAURO TALAMANTES
3204900010038,VALPARAÍSO,VALPARAÍSO,MONTE REAL
3204900010039,VALPARAÍSO,VALPARAÍSO,SANTA RITA
3204900010040,VALPARAÍSO,VALPARAÍSO,SANTO DOMINGO
3204900010041,VALPARAÍSO,VALPARAÍSO,RANCHITO DE LA CRUZ
3204900010042,VALPARAÍSO,VALPARAÍSO,NINGUNO
3204900010043,VALPARAÍSO,VALPARAÍSO,NINGUNO
3204900010044,VALPARAÍSO,VALPARAÍSO,NINGUNO
3204900010045,VALPARAÍSO,VALPARAÍSO,FELIPE ÁNGELES
3204900010047,VALPARAÍSO,VALPARAÍSO,NINGUNO
3204900010048,VALPARAÍSO,VALPARAÍSO,NINGUNO
3204900010050,VALPARAÍSO,VALPARAÍSO,NINGUNO
3204900010051,VALPARAÍSO,VALPARAÍSO,NINGUNO
3204900010052,VALPARAÍSO,VALPARAÍSO,CUMBRES DEL VALLE
3204900010053,VALPARAÍSO,VALPARAÍSO,DEL EDÉN
3204900010054,VALPARAÍSO,VALPARAÍSO,LA ESPERANZA
3204900010055,VALPARAÍSO,VALPARAÍSO,LOS GUERRERO
3204900010056,VALPARAÍSO,VALPARAÍSO,LOS NOGALES
3204900010057,VALPARAÍSO,VALPARAÍSO,EL PEDREGAL
3204900010058,VALPARAÍSO,VALPARAÍSO,EL REFUGIO
3204900010059,VALPARAÍSO,VALPARAÍSO,SAN JUAN DE LA TAPIA
3204900010060,VALPARAÍSO,VALPARAÍSO,NINGUNO
3204900010061,VALPARAÍSO,VALPARAÍSO,NINGUNO
3204900010062,VALPARAÍSO,VALPARAÍSO,EL VALLECITO
3204900010063,VALPARAÍSO,VALPARAÍSO,BELLAVISTA
3204900010064,VALPARAÍSO,VALPARAÍSO,VILLA DE LA SIERRA
3205000010000,VETAGRANDE,VETAGRANDE,VARIAS
3205000010001,VETAGRANDE,VETAGRANDE,VETAGRANDE
3205000110001,VETAGRANDE,VETAGRANDE,SAUCEDA DE LA BORDA
3205100010000,VILLA DE COS,VILLA DE COS,VARIAS
3205100010001,VILLA DE COS,VILLA DE COS,BAÑONCITO
3205100010002,VILLA DE COS,VILLA DE COS,LAS CAGUAMAS
3205100010003,VILLA DE COS,VILLA DE COS,CENTRO
3205100010004,VILLA DE COS,VILLA DE COS,DEL PRI
3205100010005,VILLA DE COS,VILLA DE COS,ELÍAS AMADOR
3205100010006,VILLA DE COS,VILLA DE COS,MÉXICO I SECCIÓN
3205100010007,VILLA DE COS,VILLA DE COS,COPROVI I
3205100010008,VILLA DE COS,VILLA DE COS,COPROVI II
3205100010009,VILLA DE COS,VILLA DE COS,CUBA LIBRE
3205100010010,VILLA DE COS,VILLA DE COS,LAS HACIENDAS
3205100010011,VILLA DE COS,VILLA DE COS,VILLA JARDÍN
3205100010012,VILLA DE COS,VILLA DE COS,SAN IGNACIO
3205100010013,VILLA DE COS,VILLA DE COS,NINGUNO
3205100010015,VILLA DE COS,VILLA DE COS,MÉXICO II SECCIÓN
3205100010016,VILLA DE COS,VILLA DE COS,MÉXICO III SECCIÓN
3205100080001,VILLA DE COS,VILLA DE COS,GONZÁLEZ ORTEGA (BAÑÓN)
3205100240001,VILLA DE COS,VILLA DE COS,CHINO
3205100240002,VILLA DE COS,VILLA DE COS,EL ARROYO
3205100240003,VILLA DE COS,VILLA DE COS,EL BAJÍO
3205100240004,VILLA DE COS,VILLA DE COS,EL CELO
3205100240005,VILLA DE COS,VILLA DE COS,EL JARDÍN
3205100240006,VILLA DE COS,VILLA DE COS,LA ESCUELA
3205100240007,VILLA DE COS,VILLA DE COS,LA LAGUNA
3205100250002,VILLA DE COS,VILLA DE COS,DEL BAJÍO
3205100250003,VILLA DE COS,VILLA DE COS,EL CARRIL
3205100250004,VILLA DE COS,VILLA DE COS,CENTRO
3205100250005,VILLA DE COS,VILLA DE COS,DE LAS FLORES
3205100250006,VILLA DE COS,VILLA DE COS,LA LAGUNITA
3205100250007,VILLA DE COS,VILLA DE COS,LAS PALMAS
3205200010000,VILLA GARCÍA,VILLA GARCÍA,VARIAS
3205200010001,VILLA GARCÍA,VILLA GARCÍA,LA ALFALFA
3205200010002,VILLA GARCÍA,VILLA GARCÍA,EL CALVARIO
3205200010003,VILLA GARCÍA,VILLA GARCÍA,CENTRO
3205200010004,VILLA GARCÍA,VILLA GARCÍA,COLOSIO
3205200010005,VILLA GARCÍA,VILLA GARCÍA,DE LOS ARTESANOS
3205200010006,VILLA GARCÍA,VILLA GARCÍA,DEL CUAQUITO
3205200010007,VILLA GARCÍA,VILLA GARCÍA,VILLA DE LAS FLORES
3205200010008,VILLA GARCÍA,VILLA GARCÍA,EL ARSENAL
3205200010009,VILLA GARCÍA,VILLA GARCÍA,LOS HUESOS
3205200010010,VILLA GARCÍA,VILLA GARCÍA,DE LA ROSA
3205200010011,VILLA GARCÍA,VILLA GARCÍA,TEPEYAC
3205300010000,VILLA GONZÁLEZ ORTEGA,VILLA GONZÁLEZ ORTEGA,VARIAS
3205300010001,VILLA GONZÁLEZ ORTEGA,VILLA GONZÁLEZ ORTEGA,ALAMEDA
3205300010002,VILLA GONZÁLEZ ORTEGA,VILLA GONZÁLEZ ORTEGA,CENTRO
3205300010003,VILLA GONZÁLEZ ORTEGA,VILLA GONZÁLEZ ORTEGA,EL CALVARIO
3205300010004,VILLA GONZÁLEZ ORTEGA,VILLA GONZÁLEZ ORTEGA,INDEPENDENCIA
3205300010005,VILLA GONZÁLEZ ORTEGA,VILLA GONZÁLEZ ORTEGA,LABERINTO
3205300010006,VILLA GONZÁLEZ ORTEGA,VILLA GONZÁLEZ ORTEGA,LIRAS I
3205300010007,VILLA GONZÁLEZ ORTEGA,VILLA GONZÁLEZ ORTEGA,LIRAS II
3205300010008,VILLA GONZÁLEZ ORTEGA,VILLA GONZÁLEZ ORTEGA,PLAZA
3205300150001,VILLA GONZÁLEZ ORTEGA,VILLA GONZÁLEZ ORTEGA,ESTANCIA DE ANIMAS
3205400010000,VILLA HIDALGO,VILLA HIDALGO,VARIAS
3205400010001,VILLA HIDALGO,VILLA HIDALGO,SAN MANUEL
3205500010000,VILLANUEVA,VILLANUEVA,VARIAS
3205500010001,VILLANUEVA,VILLANUEVA,DE GUADALUPE
3205500010002,VILLANUEVA,VILLANUEVA,DE LOS VARELA
3205500010003,VILLANUEVA,VILLANUEVA,DEL RESCOLDILLO
3205500010004,VILLANUEVA,VILLANUEVA,LA LOMA
3205500010005,VILLANUEVA,VILLANUEVA,LOMA DE TLALPAN
3205500010006,VILLANUEVA,VILLANUEVA,SANTA ANITA
3205500010007,VILLANUEVA,VILLANUEVA,SANTA GERTRUDIS
3205500010008,VILLANUEVA,VILLANUEVA,ARROYO DEL TIGRE
3205500010009,VILLANUEVA,VILLANUEVA,BEISBOLERA
3205500010010,VILLANUEVA,VILLANUEVA,CAMINERA
3205500010011,VILLANUEVA,VILLANUEVA,CENTRO
3205500010012,VILLANUEVA,VILLANUEVA,COLOSIO
3205500010013,VILLANUEVA,VILLANUEVA,FLORES DEL PEDREGAL
3205500010014,VILLANUEVA,VILLANUEVA,LAS ÁGUILAS
3205500010015,VILLANUEVA,VILLANUEVA,LINDA VISTA
3205500010016,VILLANUEVA,VILLANUEVA,LOMA DORADA
3205500010017,VILLANUEVA,VILLANUEVA,LOS CONDES
3205500010018,VILLANUEVA,VILLANUEVA,MAGISTERIAL 1
3205500010019,VILLANUEVA,VILLANUEVA,MAGISTERIAL 2
3205500010020,VILLANUEVA,VILLANUEVA,NUEVA
3205500010021,VILLANUEVA,VILLANUEVA,PAMANES ESCOBEDO
3205500010022,VILLANUEVA,VILLANUEVA,SANTA CRUZ
3205500010023,VILLANUEVA,VILLANUEVA,SIERRA NEVADA
3205500010024,VILLANUEVA,VILLANUEVA,ARBOLEDAS
3205500010025,VILLANUEVA,VILLANUEVA,LOMAS VERDES
3205500010026,VILLANUEVA,VILLANUEVA,LOS GERANIOS
3205500010027,VILLANUEVA,VILLANUEVA,MAGISTERIAL
3205500010028,VILLANUEVA,VILLANUEVA,ZACATECANOS
3205500010029,VILLANUEVA,VILLANUEVA,TADEO
3205500010030,VILLANUEVA,VILLANUEVA,LAS FLORES
3205500010031,VILLANUEVA,VILLANUEVA,NINGUNO
3205500420001,VILLANUEVA,VILLANUEVA,DEL CHORRO
3205500420002,VILLANUEVA,VILLANUEVA,DE LA CRUZ
3205500420003,VILLANUEVA,VILLANUEVA,DEL REBOTE
3205500420004,VILLANUEVA,VILLANUEVA,DEL REFUGIO
3205500420005,VILLANUEVA,VILLANUEVA,DE SAN ANTONIO
3205500420006,VILLANUEVA,VILLANUEVA,NINGUNO
3205500420007,VILLANUEVA,VILLANUEVA,ZONA CENTRO
3205600010000,ZACATECAS,ZACATECAS,VARIAS
3205600010001,ZACATECAS,ZACATECAS,21 DE JULIO
3205600010002,ZACATECAS,ZACATECAS,MECÁNICOS II
3205600010003,ZACATECAS,ZACATECAS,5 SEÑORES
3205600010004,ZACATECAS,ZACATECAS,AGRONÓMICA
3205600010005,ZACATECAS,ZACATECAS,AGRONÓMICA II
3205600010006,ZACATECAS,ZACATECAS,ALMA OBRERA
3205600010008,ZACATECAS,ZACATECAS,LAS AMÉRICAS
3205600010009,ZACATECAS,ZACATECAS,ARTURO ROMO MACÍAS
3205600010010,ZACATECAS,ZACATECAS,BANCOMER
3205600010011,ZACATECAS,ZACATECAS,BELLAVISTA
3205600010012,ZACATECAS,ZACATECAS,BENITO JUÁREZ
3205600010013,ZACATECAS,ZACATECAS,RESIDENCIAL BOULEVARES
3205600010014,ZACATECAS,ZACATECAS,BUENAVISTA
3205600010016,ZACATECAS,ZACATECAS,BUENOS AIRES
3205600010017,ZACATECAS,ZACATECAS,CAMINERA
3205600010018,ZACATECAS,ZACATECAS,CAMINO REAL
3205600010021,ZACATECAS,ZACATECAS,CNOP
3205600010022,ZACATECAS,ZACATECAS,LAS COLINAS
3205600010023,ZACATECAS,ZACATECAS,COLONIAL ZACATECAS
3205600010024,ZACATECAS,ZACATECAS,CONSTELACIÓN
3205600010025,ZACATECAS,ZACATECAS,CTM
3205600010026,ZACATECAS,ZACATECAS,LAS CUMBRES
3205600010027,ZACATECAS,ZACATECAS,DÍAZ ORDAZ PRIMERA SECCIÓN
3205600010028,ZACATECAS,ZACATECAS,DÍAZ ORDAZ SEGUNDA SECCIÓN
3205600010029,ZACATECAS,ZACATECAS,DÍAZ ORDAZ TERCERA SECCIÓN
3205600010030,ZACATECAS,ZACATECAS,BOSQUES DE LA ENCANTADA
3205600010032,ZACATECAS,ZACATECAS,ESTRELLA DE ORO
3205600010033,ZACATECAS,ZACATECAS,EUROPA
3205600010034,ZACATECAS,ZACATECAS,FRANCISCO E. GARCÍA
3205600010035,ZACATECAS,ZACATECAS,FELIPE ÁNGELES
3205600010036,ZACATECAS,ZACATECAS,FLORES MAGÓN
3205600010037,ZACATECAS,ZACATECAS,FOVISSSTE
3205600010038,ZACATECAS,ZACATECAS,FRENTE POPULAR
3205600010039,ZACATECAS,ZACATECAS,ISSSTEZAC II
3205600010040,ZACATECAS,ZACATECAS,FRANCISCO GARCÍA SALINAS
3205600010041,ZACATECAS,ZACATECAS,J. JESÚS GONZÁLEZ ORTEGA
3205600010042,ZACATECAS,ZACATECAS,H. AYUNTAMIENTO
3205600010043,ZACATECAS,ZACATECAS,LAS HACIENDAS
3205600010044,ZACATECAS,ZACATECAS,LA HERRADURA
3205600010045,ZACATECAS,ZACATECAS,HIDRÁULICA
3205600010046,ZACATECAS,ZACATECAS,LAS FLORES
3205600010047,ZACATECAS,ZACATECAS,INSTALACIONES DE LA FERIA
3205600010049,ZACATECAS,ZACATECAS,MAGISTERIAL JARDINES DEL SOL
3205600010051,ZACATECAS,ZACATECAS,LÁZARO CÁRDENAS
3205600010053,ZACATECAS,ZACATECAS,LA LOMA
3205600010054,ZACATECAS,ZACATECAS,LOMAS DE LA PIMIENTA
3205600010055,ZACATECAS,ZACATECAS,LOMAS DE LA SOLEDAD
3205600010058,ZACATECAS,ZACATECAS,LOMAS DE SAN FRANCISCO
3205600010059,ZACATECAS,ZACATECAS,LOMAS DEL BOSQUE
3205600010060,ZACATECAS,ZACATECAS,LOMAS DEL CAMPESTRE
3205600010061,ZACATECAS,ZACATECAS,LOMAS DEL CAPULÍN
3205600010062,ZACATECAS,ZACATECAS,LOMAS DE LAGO
3205600010063,ZACATECAS,ZACATECAS,LOMAS DEL PATROCINIO
3205600010065,ZACATECAS,ZACATECAS,LUIS DONALDO COLOSIO
3205600010066,ZACATECAS,ZACATECAS,LAS MARGARITAS
3205600010067,ZACATECAS,ZACATECAS,MARIANITA
3205600010068,ZACATECAS,ZACATECAS,MECÁNICOS
3205600010069,ZACATECAS,ZACATECAS,MÉDICOS VETERINARIOS
3205600010070,ZACATECAS,ZACATECAS,MERCEDES
3205600010071,ZACATECAS,ZACATECAS,MEXICAPAN
3205600010072,ZACATECAS,ZACATECAS,MILITAR
3205600010073,ZACATECAS,ZACATECAS,MINERA
3205600010074,ZACATECAS,ZACATECAS,EL MIRADOR
3205600010075,ZACATECAS,ZACATECAS,MORADORES
3205600010076,ZACATECAS,ZACATECAS,DE LOS OLIVOS
3205600010077,ZACATECAS,ZACATECAS,EL ORITO I SECCIÓN
3205600010078,ZACATECAS,ZACATECAS,COMUNIDAD EL ORITO
3205600010080,ZACATECAS,ZACATECAS,LAS PALMAS
3205600010081,ZACATECAS,ZACATECAS,PAMANES ESCOBEDO
3205600010082,ZACATECAS,ZACATECAS,GENERAL PÁNFILO NATERA
3205600010083,ZACATECAS,ZACATECAS,ARROYO DE LA PLATA
3205600010084,ZACATECAS,ZACATECAS,PEDRO RUIZ GONZÁLEZ
3205600010085,ZACATECAS,ZACATECAS,PERIODISTAS
3205600010086,ZACATECAS,ZACATECAS,LA PEÑUELA
3205600010087,ZACATECAS,ZACATECAS,DE LA PINTA
3205600010088,ZACATECAS,ZACATECAS,PRIMAVERA
3205600010089,ZACATECAS,ZACATECAS,LOS CALEROS
3205600010090,ZACATECAS,ZACATECAS,PRIVADA LAS FUENTES
3205600010091,ZACATECAS,ZACATECAS,PRIVADA DEL BOSQUE
3205600010092,ZACATECAS,ZACATECAS,PRIVADA LA ENCANTADA
3205600010093,ZACATECAS,ZACATECAS,PROGRESO
3205600010094,ZACATECAS,ZACATECAS,RESIDENCIAL DEL VALLE
3205600010097,ZACATECAS,ZACATECAS,BARRO SIERRA
3205600010098,ZACATECAS,ZACATECAS,SAN FRANCISCO DE LOS HERRERA
3205600010099,ZACATECAS,ZACATECAS,SIERRA DE ÁLICA
3205600010100,ZACATECAS,ZACATECAS,RINCONADA DE LA ISABELICA
3205600010101,ZACATECAS,ZACATECAS,SPAUAZ
3205600010103,ZACATECAS,ZACATECAS,TECNOLÓGICA
3205600010105,ZACATECAS,ZACATECAS,LA TOMA
3.2056E+12,ZACATECAS,ZACATECAS,TRES CRUCES
3205600010108,ZACATECAS,ZACATECAS,UNIVERSIDAD AUTÓNOMA DE ZACATECAS
3205600010109,ZACATECAS,ZACATECAS,ÚRSULO GARCÍA
3205600010110,ZACATECAS,ZACATECAS,DEL VERGEL
3205600010111,ZACATECAS,ZACATECAS,VILLAS DEL SOL
3205600010112,ZACATECAS,ZACATECAS,ZONA CENTRO
3205600010113,ZACATECAS,ZACATECAS,MIGUEL HIDALGO I SECCIÓN
3205600010114,ZACATECAS,ZACATECAS,SAN FRANCISCO DE LA MONTAÑA
3205600010116,ZACATECAS,ZACATECAS,LAS HUERTAS
3205600010117,ZACATECAS,ZACATECAS,TAHONA
3205600010119,ZACATECAS,ZACATECAS,CASA BLANCA
3205600010121,ZACATECAS,ZACATECAS,COLINAS DEL PADRE PRIMERA SECCIÓN
3205600010122,ZACATECAS,ZACATECAS,CONQUISTADORES
3205600010123,ZACATECAS,ZACATECAS,LA FILARMÓNICA
3205600010124,ZACATECAS,ZACATECAS,VILLA ANTIGUA
3205600010125,ZACATECAS,ZACATECAS,INSURGENTES
3205600010126,ZACATECAS,ZACATECAS,LA JOYA COLINAS SEGUNDA SECCIÓN
3205600010127,ZACATECAS,ZACATECAS,JUANA GALLO
3205600010129,ZACATECAS,ZACATECAS,LOMA DORADA
3205600010130,ZACATECAS,ZACATECAS,LOMAS DEL CHAVEÑO
3205600010131,ZACATECAS,ZACATECAS,MECÁNICOS II COPROVI
3205600010132,ZACATECAS,ZACATECAS,EL ORITO
3205600010133,ZACATECAS,ZACATECAS,LA CANTERA
3205600010134,ZACATECAS,ZACATECAS,CARLOS HINOJOSA PETIT
3205600010135,ZACATECAS,ZACATECAS,SANTOS BAÑUELOS
3205600010136,ZACATECAS,ZACATECAS,CIUDAD GOBIERNO
3205600010137,ZACATECAS,ZACATECAS,NINGUNO (SOLARES URBANOS EJIDO EL ORITO)
3205600010139,ZACATECAS,ZACATECAS,NINGUNO
3205600010140,ZACATECAS,ZACATECAS,NINGUNO
3205600010141,ZACATECAS,ZACATECAS,SUTSEMOP
3205600010142,ZACATECAS,ZACATECAS,LOS TAXISTAS
3205600010143,ZACATECAS,ZACATECAS,VILLA VERDE
3205600010144,ZACATECAS,ZACATECAS,VILLAS DEL TEPOZÁN
3205600010145,ZACATECAS,ZACATECAS,LA ISABELICA
3205600010146,ZACATECAS,ZACATECAS,FILÓSOFOS III
3205600010150,ZACATECAS,ZACATECAS,LOMAS DEL CRISTO
3205600010154,ZACATECAS,ZACATECAS,DE LA PLATA
3205600010157,ZACATECAS,ZACATECAS,SAN FERNANDO
3205600010158,ZACATECAS,ZACATECAS,SIGLO XXI
3205600010161,ZACATECAS,ZACATECAS,NINGUNO
3205600010162,ZACATECAS,ZACATECAS,NINGUNO
3205600010164,ZACATECAS,ZACATECAS,NINGUNO
3205600010166,ZACATECAS,ZACATECAS,VILLAS DE FLORENCIA
3205600010167,ZACATECAS,ZACATECAS,VILLAS DEL PADRE
3205600010168,ZACATECAS,ZACATECAS,AMPLIACIÓN LAS AMÉRICAS
3205600010169,ZACATECAS,ZACATECAS,CENTRAL CAMIONERA
3205600010170,ZACATECAS,ZACATECAS,COLINAS DEL PADRE SEGUNDA SECCIÓN
3205600010171,ZACATECAS,ZACATECAS,COLINAS DEL PADRE TERCERA SECCIÓN
3205600010172,ZACATECAS,ZACATECAS,COLINAS DEL PADRE CUARTA SECCIÓN
3205600010173,ZACATECAS,ZACATECAS,COLINAS DEL PADRE CUARTA SECCIÓN SAN DESARROLLADORES
3205600010174,ZACATECAS,ZACATECAS,EL JARALILLO III
3205600010175,ZACATECAS,ZACATECAS,ELECTRICISTAS
3205600010176,ZACATECAS,ZACATECAS,ESPAÑA I
3205600010177,ZACATECAS,ZACATECAS,FELIPE ÁNGELES ISSSTEZAC
3205600010178,ZACATECAS,ZACATECAS,FILÓSOFOS I
3205600010179,ZACATECAS,ZACATECAS,PRIVADA DEL PADRE
3205600010180,ZACATECAS,ZACATECAS,GONZÁLEZ ORTEGA QUINTA SECCIÓN
3205600010181,ZACATECAS,ZACATECAS,GRANJA ZACATLÁN
3205600010182,ZACATECAS,ZACATECAS,HÉROES DE CHAPULTEPEC
3205600010183,ZACATECAS,ZACATECAS,HUERTA VIEJA
3205600010184,ZACATECAS,ZACATECAS,LA ESCONDIDA
3205600010185,ZACATECAS,ZACATECAS,LA ESCONDIDA
3205600010186,ZACATECAS,ZACATECAS,LAS FLORES
3205600010187,ZACATECAS,ZACATECAS,LOMAS BIZANTINAS
3205600010188,ZACATECAS,ZACATECAS,NUEVA GENERACIÓN
3205600010189,ZACATECAS,ZACATECAS,PEÑAS DE LA VIRGEN
3205600010190,ZACATECAS,ZACATECAS,SUAVE PATRIA
3205600010191,ZACATECAS,ZACATECAS,BOSQUES DE LAS CUMBRES
3205600010192,ZACATECAS,ZACATECAS,COLINAS DEL PADRE QUINTA SECCIÓN
3205600010193,ZACATECAS,ZACATECAS,COLINAS DEL SOL
3205600010194,ZACATECAS,ZACATECAS,COLINAS DEL VERGEL PRIMERA SECCIÓN
3205600010195,ZACATECAS,ZACATECAS,COLINAS DEL VERGEL SEGUNDA SECCIÓN
3205600010196,ZACATECAS,ZACATECAS,COREA I
3205600010197,ZACATECAS,ZACATECAS,COREA II
3205600010198,ZACATECAS,ZACATECAS,EL JARALILLO I
3205600010199,ZACATECAS,ZACATECAS,EL JARALILLO II
3205600010200,ZACATECAS,ZACATECAS,EL PEÑASQUITO
3205600010201,ZACATECAS,ZACATECAS,EL RANCHITO
3205600010202,ZACATECAS,ZACATECAS,EMILIANO ZAPATA
3205600010203,ZACATECAS,ZACATECAS,ESPAÑA
3205600010204,ZACATECAS,ZACATECAS,ESPAÑA II
3205600010205,ZACATECAS,ZACATECAS,ESPAÑA III
3205600010206,ZACATECAS,ZACATECAS,INSURGENTES
3205600010207,ZACATECAS,ZACATECAS,ISSSTEZAC I
3205600010208,ZACATECAS,ZACATECAS,ITALIA
3205600010209,ZACATECAS,ZACATECAS,LAS PALMAS
3205600010210,ZACATECAS,ZACATECAS,LOMA BARROCA
3205600010211,ZACATECAS,ZACATECAS,LÓPEZ VELARDE
3205600010212,ZACATECAS,ZACATECAS,MECÁNICOS III
3205600010213,ZACATECAS,ZACATECAS,MIGUEL HIDALGO II SECCIÓN
3205600010214,ZACATECAS,ZACATECAS,MIGUEL HIDALGO III SECCIÓN
3205600010215,ZACATECAS,ZACATECAS,MIGUEL HIDALGO IV
3205600010216,ZACATECAS,ZACATECAS,NUEVA BOQUILLAS
3205600010217,ZACATECAS,ZACATECAS,NUEVA ESPAÑA
3205600010218,ZACATECAS,ZACATECAS,PRIVADA ESMERALDA
3205600010219,ZACATECAS,ZACATECAS,VILLAS UNIVERSIDAD
3205700010000,TRANCOSO,TRANCOSO,VARIAS
3205700010001,TRANCOSO,TRANCOSO,PRIMERA DEL RANCHO
3205700010002,TRANCOSO,TRANCOSO,SEGUNDA DEL RANCHO
3205700010003,TRANCOSO,TRANCOSO,CANTERA
3205700010004,TRANCOSO,TRANCOSO,CORDEROS
3205700010005,TRANCOSO,TRANCOSO,EL REFUGIO
3205700010006,TRANCOSO,TRANCOSO,EL REFUGIO DE ARRIBA
3205700010007,TRANCOSO,TRANCOSO,EMBARCACIÓN
3205700010008,TRANCOSO,TRANCOSO,PANAL
3205700010009,TRANCOSO,TRANCOSO,PLAZA
3205700010010,TRANCOSO,TRANCOSO,PROVIDENCIA
3205700010011,TRANCOSO,TRANCOSO,SAN ISIDRO
3205700010012,TRANCOSO,TRANCOSO,TRANCOSITO
3205800010000,SANTA MARÍA DE LA PAZ,SANTA MARÍA DE LA PAZ,VARIAS
3205800010001,SANTA MARÍA DE LA PAZ,SANTA MARÍA DE LA PAZ,CENTRO
3205800010002,SANTA MARÍA DE LA PAZ,SANTA MARÍA DE LA PAZ,CHARCO REDONDO
3205800010003,SANTA MARÍA DE LA PAZ,SANTA MARÍA DE LA PAZ,LOS CHÁVEZ
3205800010004,SANTA MARÍA DE LA PAZ,SANTA MARÍA DE LA PAZ,LA CIÉNEGA
3205800010005,SANTA MARÍA DE LA PAZ,SANTA MARÍA DE LA PAZ,LA CRUZ
3205800010006,SANTA MARÍA DE LA PAZ,SANTA MARÍA DE LA PAZ,DE MÉXICO
3205800010007,SANTA MARÍA DE LA PAZ,SANTA MARÍA DE LA PAZ,EL PICHIQUE
3205800010008,SANTA MARÍA DE LA PAZ,SANTA MARÍA DE LA PAZ,EL ROSARIO (COPROVI)
